{"train_acc":95.02919201404482,"_wandb":{"runtime":152},"val_acc":88.41904761904762,"epoch":1,"val_loss":1.3996972343389025,"_runtime":152.632568615,"_step":0,"train_loss":0.1854587045400382,"_timestamp":1.7437168670850809e+09}