{"test_auc":0.63284587603545,"_runtime":322.643127244,"_step":1,"train_loss":0.18280757157926839,"test_loss":0.18254905306931699,"_wandb":{"runtime":322},"epoch":1,"val_acc":94.84572855359372,"val_loss":0.1819508562259602,"_timestamp":1.743786901629824e+09,"train_acc":94.7568747303715}