Patient ID,split
7,test
8,test
18,test
34,test
35,test
36,test
44,test
47,test
53,test
76,test
84,test
92,test
93,test
97,test
100,test
104,test
120,test
122,test
128,test
134,test
145,test
148,test
151,test
168,test
169,test
174,test
189,test
195,test
197,test
200,test
211,test
215,test
217,test
218,test
222,test
231,test
232,test
244,test
248,test
251,test
260,test
262,test
264,test
266,test
267,test
274,test
275,test
279,test
280,test
281,test
284,test
289,test
291,test
292,test
313,test
316,test
322,test
324,test
327,test
331,test
335,test
342,test
345,test
346,test
347,test
352,test
368,test
381,test
383,test
386,test
397,test
398,test
402,test
409,test
410,test
424,test
429,test
431,test
439,test
448,test
451,test
457,test
458,test
460,test
463,test
465,test
475,test
477,test
479,test
481,test
483,test
486,test
488,test
492,test
500,test
502,test
504,test
506,test
507,test
513,test
517,test
521,test
533,test
537,test
539,test
551,test
574,test
580,test
602,test
608,test
617,test
622,test
625,test
627,test
641,test
645,test
648,test
650,test
652,test
657,test
658,test
665,test
675,test
682,test
703,test
706,test
716,test
719,test
721,test
734,test
735,test
737,test
739,test
742,test
743,test
748,test
749,test
753,test
757,test
763,test
773,test
776,test
791,test
803,test
812,test
821,test
822,test
829,test
837,test
844,test
853,test
867,test
873,test
874,test
876,test
879,test
881,test
891,test
896,test
897,test
901,test
906,test
912,test
913,test
928,test
929,test
937,test
944,test
954,test
960,test
964,test
965,test
966,test
971,test
972,test
980,test
981,test
986,test
994,test
997,test
1010,test
1013,test
1024,test
1027,test
1034,test
1036,test
1044,test
1046,test
1048,test
1051,test
1053,test
1054,test
1057,test
1064,test
1076,test
1079,test
1087,test
1088,test
1091,test
1093,test
1104,test
1107,test
1109,test
1110,test
1114,test
1115,test
1119,test
1122,test
1123,test
1134,test
1139,test
1148,test
1164,test
1176,test
1180,test
1183,test
1184,test
1191,test
1198,test
1202,test
1203,test
1216,test
1228,test
1244,test
1247,test
1248,test
1256,test
1262,test
1267,test
1277,test
1279,test
1283,test
1289,test
1291,test
1299,test
1303,test
1304,test
1312,test
1323,test
1324,test
1331,test
1332,test
1335,test
1337,test
1338,test
1340,test
1347,test
1348,test
1350,test
1367,test
1372,test
1378,test
1386,test
1388,test
1389,test
1396,test
1397,test
1398,test
1407,test
1412,test
1413,test
1415,test
1423,test
1427,test
1428,test
1434,test
1435,test
1442,test
1445,test
1449,test
1451,test
1454,test
1457,test
1458,test
1471,test
1472,test
1476,test
1483,test
1484,test
1488,test
1490,test
1494,test
1504,test
1511,test
1513,test
1531,test
1537,test
1554,test
1556,test
1570,test
1581,test
1589,test
1596,test
1599,test
1600,test
1604,test
1611,test
1613,test
1617,test
1636,test
1643,test
1645,test
1661,test
1662,test
1663,test
1665,test
1667,test
1669,test
1676,test
1677,test
1685,test
1691,test
1699,test
1704,test
1711,test
1716,test
1724,test
1730,test
1731,test
1732,test
1739,test
1742,test
1744,test
1748,test
1759,test
1766,test
1772,test
1787,test
1792,test
1797,test
1802,test
1805,test
1806,test
1808,test
1809,test
1816,test
1819,test
1823,test
1828,test
1830,test
1831,test
1835,test
1838,test
1890,test
1902,test
1912,test
1913,test
1916,test
1922,test
1924,test
1938,test
1941,test
1946,test
1948,test
1960,test
1963,test
1967,test
1969,test
1973,test
1979,test
1982,test
1993,test
1995,test
2005,test
2009,test
2010,test
2013,test
2021,test
2030,test
2031,test
2035,test
2042,test
2044,test
2056,test
2062,test
2085,test
2086,test
2112,test
2118,test
2120,test
2130,test
2134,test
2136,test
2137,test
2141,test
2142,test
2143,test
2146,test
2153,test
2154,test
2158,test
2169,test
2172,test
2174,test
2195,test
2196,test
2202,test
2209,test
2210,test
2214,test
2215,test
2222,test
2223,test
2226,test
2228,test
2230,test
2233,test
2237,test
2241,test
2251,test
2253,test
2260,test
2267,test
2270,test
2276,test
2277,test
2278,test
2281,test
2282,test
2287,test
2301,test
2309,test
2311,test
2317,test
2320,test
2321,test
2326,test
2332,test
2333,test
2335,test
2343,test
2347,test
2351,test
2360,test
2363,test
2376,test
2384,test
2387,test
2389,test
2394,test
2405,test
2406,test
2407,test
2409,test
2415,test
2421,test
2435,test
2436,test
2445,test
2446,test
2450,test
2458,test
2464,test
2465,test
2468,test
2477,test
2486,test
2497,test
2498,test
2502,test
2508,test
2509,test
2517,test
2519,test
2529,test
2533,test
2534,test
2541,test
2542,test
2547,test
2550,test
2562,test
2565,test
2567,test
2572,test
2580,test
2584,test
2586,test
2589,test
2593,test
2596,test
2603,test
2617,test
2618,test
2620,test
2623,test
2636,test
2639,test
2640,test
2642,test
2648,test
2650,test
2663,test
2665,test
2677,test
2679,test
2684,test
2688,test
2695,test
2702,test
2715,test
2716,test
2719,test
2725,test
2727,test
2731,test
2735,test
2741,test
2745,test
2753,test
2755,test
2761,test
2763,test
2765,test
2768,test
2770,test
2773,test
2785,test
2790,test
2798,test
2799,test
2806,test
2814,test
2820,test
2831,test
2843,test
2849,test
2852,test
2857,test
2859,test
2863,test
2865,test
2868,test
2869,test
2875,test
2877,test
2880,test
2885,test
2886,test
2894,test
2899,test
2901,test
2902,test
2904,test
2905,test
2908,test
2919,test
2930,test
2933,test
2938,test
2944,test
2948,test
2950,test
2951,test
2956,test
2959,test
2961,test
2974,test
2975,test
2981,test
2983,test
2993,test
3001,test
3002,test
3003,test
3015,test
3024,test
3028,test
3032,test
3036,test
3046,test
3048,test
3050,test
3051,test
3054,test
3059,test
3065,test
3069,test
3078,test
3083,test
3097,test
3101,test
3103,test
3106,test
3107,test
3109,test
3116,test
3123,test
3129,test
3133,test
3143,test
3155,test
3161,test
3163,test
3170,test
3173,test
3182,test
3185,test
3190,test
3194,test
3198,test
3208,test
3209,test
3211,test
3212,test
3215,test
3223,test
3227,test
3230,test
3231,test
3243,test
3247,test
3255,test
3257,test
3264,test
3266,test
3269,test
3271,test
3273,test
3283,test
3285,test
3287,test
3288,test
3299,test
3309,test
3317,test
3319,test
3329,test
3330,test
3335,test
3350,test
3351,test
3354,test
3367,test
3379,test
3383,test
3384,test
3387,test
3388,test
3395,test
3397,test
3399,test
3400,test
3403,test
3411,test
3422,test
3426,test
3427,test
3428,test
3439,test
3442,test
3449,test
3452,test
3456,test
3462,test
3470,test
3471,test
3474,test
3475,test
3483,test
3484,test
3489,test
3493,test
3495,test
3499,test
3504,test
3505,test
3508,test
3509,test
3511,test
3519,test
3526,test
3533,test
3538,test
3542,test
3548,test
3549,test
3567,test
3579,test
3580,test
3581,test
3582,test
3586,test
3589,test
3590,test
3593,test
3595,test
3596,test
3602,test
3609,test
3610,test
3613,test
3617,test
3635,test
3636,test
3639,test
3640,test
3644,test
3654,test
3659,test
3661,test
3663,test
3674,test
3691,test
3695,test
3698,test
3699,test
3703,test
3704,test
3707,test
3708,test
3711,test
3712,test
3726,test
3736,test
3741,test
3746,test
3753,test
3754,test
3758,test
3770,test
3777,test
3779,test
3781,test
3790,test
3793,test
3795,test
3799,test
3800,test
3807,test
3814,test
3821,test
3828,test
3830,test
3832,test
3834,test
3835,test
3836,test
3841,test
3843,test
3844,test
3845,test
3848,test
3859,test
3875,test
3877,test
3885,test
3886,test
3902,test
3906,test
3917,test
3920,test
3923,test
3924,test
3929,test
3930,test
3931,test
3932,test
3940,test
3947,test
3950,test
3965,test
3972,test
3979,test
3980,test
3987,test
3989,test
3994,test
4004,test
4016,test
4027,test
4029,test
4035,test
4037,test
4038,test
4044,test
4048,test
4049,test
4059,test
4069,test
4071,test
4081,test
4085,test
4086,test
4094,test
4098,test
4102,test
4105,test
4107,test
4111,test
4116,test
4120,test
4121,test
4126,test
4129,test
4141,test
4144,test
4149,test
4150,test
4153,test
4157,test
4161,test
4166,test
4169,test
4171,test
4179,test
4182,test
4187,test
4195,test
4203,test
4204,test
4207,test
4210,test
4212,test
4217,test
4221,test
4224,test
4228,test
4230,test
4236,test
4242,test
4247,test
4253,test
4254,test
4255,test
4257,test
4259,test
4266,test
4274,test
4283,test
4286,test
4292,test
4294,test
4297,test
4304,test
4307,test
4321,test
4323,test
4337,test
4340,test
4342,test
4344,test
4345,test
4348,test
4352,test
4372,test
4373,test
4376,test
4385,test
4392,test
4394,test
4405,test
4406,test
4409,test
4411,test
4414,test
4417,test
4420,test
4422,test
4439,test
4449,test
4450,test
4451,test
4456,test
4458,test
4460,test
4462,test
4470,test
4472,test
4476,test
4480,test
4481,test
4485,test
4502,test
4503,test
4514,test
4520,test
4521,test
4526,test
4535,test
4541,test
4547,test
4557,test
4561,test
4570,test
4578,test
4580,test
4581,test
4585,test
4590,test
4597,test
4603,test
4606,test
4635,test
4637,test
4640,test
4642,test
4646,test
4660,test
4668,test
4673,test
4679,test
4680,test
4686,test
4689,test
4690,test
4697,test
4700,test
4703,test
4706,test
4707,test
4708,test
4716,test
4721,test
4731,test
4739,test
4740,test
4741,test
4743,test
4745,test
4746,test
4750,test
4752,test
4757,test
4763,test
4772,test
4773,test
4784,test
4786,test
4789,test
4794,test
4795,test
4811,test
4814,test
4815,test
4818,test
4820,test
4833,test
4844,test
4845,test
4846,test
4848,test
4851,test
4852,test
4868,test
4872,test
4878,test
4880,test
4885,test
4891,test
4895,test
4901,test
4903,test
4904,test
4914,test
4916,test
4933,test
4950,test
4951,test
4953,test
4956,test
4969,test
4970,test
4973,test
4975,test
4978,test
4982,test
4983,test
4985,test
4986,test
4990,test
4991,test
4992,test
5006,test
5007,test
5019,test
5026,test
5027,test
5035,test
5036,test
5039,test
5041,test
5043,test
5046,test
5048,test
5049,test
5054,test
5069,test
5082,test
5095,test
5097,test
5099,test
5101,test
5108,test
5115,test
5116,test
5122,test
5129,test
5134,test
5136,test
5139,test
5140,test
5149,test
5156,test
5158,test
5161,test
5164,test
5173,test
5175,test
5182,test
5184,test
5187,test
5196,test
5197,test
5199,test
5200,test
5202,test
5203,test
5211,test
5212,test
5215,test
5216,test
5217,test
5219,test
5220,test
5221,test
5222,test
5223,test
5226,test
5227,test
5228,test
5237,test
5246,test
5253,test
5261,test
5283,test
5285,test
5287,test
5305,test
5313,test
5326,test
5333,test
5338,test
5340,test
5342,test
5344,test
5347,test
5349,test
5355,test
5378,test
5380,test
5383,test
5384,test
5385,test
5387,test
5389,test
5392,test
5394,test
5395,test
5406,test
5415,test
5423,test
5426,test
5428,test
5437,test
5438,test
5441,test
5450,test
5454,test
5456,test
5457,test
5461,test
5462,test
5465,test
5467,test
5473,test
5478,test
5497,test
5501,test
5502,test
5505,test
5506,test
5512,test
5513,test
5514,test
5524,test
5533,test
5534,test
5536,test
5546,test
5549,test
5552,test
5554,test
5557,test
5562,test
5565,test
5571,test
5573,test
5577,test
5585,test
5596,test
5599,test
5602,test
5605,test
5611,test
5622,test
5624,test
5628,test
5641,test
5648,test
5655,test
5658,test
5659,test
5660,test
5663,test
5666,test
5672,test
5679,test
5680,test
5686,test
5689,test
5698,test
5706,test
5707,test
5708,test
5712,test
5713,test
5716,test
5721,test
5728,test
5733,test
5743,test
5747,test
5750,test
5755,test
5763,test
5771,test
5772,test
5778,test
5781,test
5800,test
5804,test
5805,test
5815,test
5816,test
5825,test
5837,test
5839,test
5842,test
5844,test
5845,test
5854,test
5860,test
5861,test
5865,test
5866,test
5872,test
5876,test
5880,test
5881,test
5884,test
5887,test
5909,test
5916,test
5926,test
5928,test
5930,test
5938,test
5941,test
5954,test
5955,test
5972,test
5976,test
5980,test
5981,test
5983,test
6001,test
6004,test
6012,test
6015,test
6025,test
6030,test
6036,test
6040,test
6049,test
6050,test
6053,test
6068,test
6070,test
6071,test
6073,test
6082,test
6088,test
6092,test
6109,test
6112,test
6113,test
6120,test
6121,test
6127,test
6129,test
6135,test
6139,test
6146,test
6149,test
6150,test
6152,test
6158,test
6165,test
6170,test
6187,test
6188,test
6189,test
6203,test
6205,test
6207,test
6215,test
6216,test
6217,test
6224,test
6225,test
6235,test
6236,test
6238,test
6240,test
6245,test
6253,test
6254,test
6259,test
6268,test
6269,test
6272,test
6281,test
6282,test
6290,test
6292,test
6309,test
6310,test
6317,test
6320,test
6326,test
6329,test
6333,test
6335,test
6342,test
6353,test
6355,test
6356,test
6363,test
6367,test
6378,test
6380,test
6389,test
6391,test
6393,test
6396,test
6400,test
6401,test
6405,test
6419,test
6420,test
6423,test
6425,test
6426,test
6428,test
6429,test
6434,test
6435,test
6441,test
6443,test
6454,test
6456,test
6461,test
6463,test
6464,test
6479,test
6481,test
6483,test
6484,test
6493,test
6499,test
6503,test
6504,test
6505,test
6506,test
6509,test
6527,test
6528,test
6529,test
6530,test
6532,test
6535,test
6539,test
6548,test
6552,test
6553,test
6563,test
6577,test
6597,test
6603,test
6605,test
6613,test
6621,test
6626,test
6629,test
6632,test
6633,test
6634,test
6635,test
6636,test
6647,test
6651,test
6663,test
6664,test
6673,test
6677,test
6683,test
6689,test
6691,test
6709,test
6713,test
6718,test
6721,test
6726,test
6727,test
6742,test
6743,test
6745,test
6746,test
6747,test
6754,test
6759,test
6760,test
6761,test
6770,test
6779,test
6780,test
6789,test
6798,test
6803,test
6814,test
6816,test
6825,test
6827,test
6836,test
6837,test
6848,test
6858,test
6864,test
6866,test
6869,test
6871,test
6873,test
6877,test
6880,test
6886,test
6887,test
6888,test
6889,test
6893,test
6897,test
6900,test
6903,test
6905,test
6907,test
6910,test
6912,test
6913,test
6915,test
6917,test
6919,test
6920,test
6922,test
6926,test
6934,test
6935,test
6940,test
6945,test
6947,test
6949,test
6952,test
6966,test
6978,test
6984,test
6995,test
7013,test
7025,test
7030,test
7031,test
7034,test
7043,test
7048,test
7050,test
7064,test
7071,test
7072,test
7086,test
7092,test
7095,test
7103,test
7105,test
7108,test
7110,test
7113,test
7114,test
7118,test
7137,test
7139,test
7153,test
7175,test
7176,test
7179,test
7192,test
7199,test
7210,test
7213,test
7218,test
7221,test
7222,test
7224,test
7229,test
7242,test
7250,test
7252,test
7256,test
7259,test
7262,test
7268,test
7278,test
7279,test
7294,test
7302,test
7303,test
7304,test
7306,test
7307,test
7318,test
7319,test
7326,test
7331,test
7336,test
7338,test
7340,test
7342,test
7347,test
7349,test
7354,test
7364,test
7365,test
7376,test
7389,test
7396,test
7398,test
7404,test
7406,test
7418,test
7428,test
7429,test
7432,test
7439,test
7440,test
7443,test
7446,test
7450,test
7452,test
7457,test
7468,test
7469,test
7470,test
7473,test
7475,test
7476,test
7478,test
7482,test
7485,test
7489,test
7496,test
7498,test
7500,test
7501,test
7503,test
7504,test
7506,test
7509,test
7515,test
7516,test
7535,test
7537,test
7540,test
7543,test
7546,test
7554,test
7556,test
7559,test
7566,test
7568,test
7570,test
7572,test
7574,test
7580,test
7582,test
7583,test
7586,test
7595,test
7601,test
7603,test
7607,test
7628,test
7629,test
7648,test
7651,test
7654,test
7664,test
7666,test
7668,test
7669,test
7672,test
7673,test
7683,test
7691,test
7699,test
7709,test
7714,test
7723,test
7725,test
7726,test
7730,test
7732,test
7744,test
7746,test
7748,test
7749,test
7754,test
7756,test
7758,test
7760,test
7768,test
7769,test
7780,test
7781,test
7782,test
7786,test
7791,test
7793,test
7794,test
7800,test
7801,test
7802,test
7810,test
7822,test
7828,test
7829,test
7840,test
7841,test
7843,test
7881,test
7883,test
7886,test
7887,test
7889,test
7890,test
7894,test
7899,test
7909,test
7918,test
7919,test
7923,test
7924,test
7925,test
7933,test
7935,test
7937,test
7950,test
7956,test
7965,test
7970,test
7975,test
7979,test
7987,test
7998,test
7999,test
8006,test
8011,test
8021,test
8024,test
8030,test
8031,test
8038,test
8043,test
8048,test
8049,test
8052,test
8058,test
8073,test
8083,test
8088,test
8092,test
8095,test
8106,test
8120,test
8122,test
8125,test
8133,test
8137,test
8138,test
8140,test
8142,test
8146,test
8148,test
8152,test
8154,test
8157,test
8158,test
8159,test
8165,test
8171,test
8181,test
8185,test
8189,test
8194,test
8195,test
8197,test
8198,test
8204,test
8207,test
8212,test
8214,test
8219,test
8232,test
8239,test
8241,test
8242,test
8243,test
8249,test
8256,test
8257,test
8268,test
8271,test
8275,test
8282,test
8283,test
8293,test
8294,test
8296,test
8301,test
8305,test
8310,test
8317,test
8319,test
8320,test
8333,test
8338,test
8341,test
8342,test
8345,test
8346,test
8349,test
8352,test
8355,test
8356,test
8359,test
8363,test
8365,test
8371,test
8373,test
8374,test
8375,test
8376,test
8378,test
8388,test
8391,test
8394,test
8395,test
8399,test
8408,test
8410,test
8414,test
8417,test
8427,test
8440,test
8441,test
8443,test
8448,test
8455,test
8460,test
8461,test
8467,test
8471,test
8479,test
8481,test
8486,test
8488,test
8490,test
8493,test
8495,test
8505,test
8514,test
8517,test
8518,test
8519,test
8526,test
8529,test
8539,test
8545,test
8553,test
8558,test
8562,test
8571,test
8576,test
8590,test
8592,test
8597,test
8603,test
8605,test
8611,test
8616,test
8617,test
8618,test
8623,test
8630,test
8635,test
8644,test
8648,test
8650,test
8651,test
8652,test
8664,test
8671,test
8673,test
8674,test
8675,test
8687,test
8688,test
8693,test
8697,test
8705,test
8711,test
8714,test
8722,test
8727,test
8740,test
8743,test
8744,test
8758,test
8762,test
8764,test
8766,test
8770,test
8780,test
8787,test
8816,test
8820,test
8822,test
8825,test
8836,test
8857,test
8858,test
8863,test
8864,test
8867,test
8868,test
8871,test
8872,test
8880,test
8881,test
8887,test
8890,test
8891,test
8893,test
8896,test
8903,test
8905,test
8909,test
8911,test
8915,test
8920,test
8923,test
8926,test
8930,test
8932,test
8933,test
8945,test
8959,test
8967,test
8970,test
8972,test
8973,test
8977,test
8979,test
8980,test
8993,test
9000,test
9001,test
9004,test
9007,test
9015,test
9021,test
9023,test
9028,test
9045,test
9049,test
9052,test
9057,test
9059,test
9062,test
9072,test
9073,test
9074,test
9087,test
9090,test
9091,test
9092,test
9094,test
9100,test
9101,test
9117,test
9125,test
9126,test
9139,test
9145,test
9148,test
9150,test
9153,test
9154,test
9155,test
9162,test
9164,test
9170,test
9173,test
9189,test
9190,test
9193,test
9195,test
9200,test
9203,test
9210,test
9211,test
9213,test
9215,test
9234,test
9241,test
9243,test
9247,test
9249,test
9251,test
9253,test
9254,test
9255,test
9267,test
9268,test
9274,test
9286,test
9288,test
9292,test
9294,test
9296,test
9297,test
9299,test
9300,test
9301,test
9310,test
9316,test
9321,test
9329,test
9330,test
9335,test
9351,test
9359,test
9363,test
9364,test
9367,test
9381,test
9385,test
9391,test
9392,test
9397,test
9402,test
9404,test
9407,test
9415,test
9424,test
9428,test
9435,test
9441,test
9442,test
9454,test
9474,test
9481,test
9483,test
9486,test
9490,test
9501,test
9503,test
9508,test
9518,test
9521,test
9527,test
9531,test
9533,test
9535,test
9537,test
9539,test
9543,test
9556,test
9562,test
9564,test
9565,test
9566,test
9568,test
9569,test
9572,test
9574,test
9576,test
9586,test
9594,test
9599,test
9607,test
9608,test
9615,test
9620,test
9621,test
9622,test
9626,test
9627,test
9630,test
9633,test
9641,test
9643,test
9645,test
9647,test
9649,test
9654,test
9669,test
9675,test
9677,test
9682,test
9686,test
9688,test
9689,test
9694,test
9705,test
9723,test
9729,test
9737,test
9751,test
9772,test
9774,test
9788,test
9792,test
9797,test
9802,test
9808,test
9823,test
9839,test
9842,test
9843,test
9846,test
9850,test
9858,test
9873,test
9876,test
9881,test
9888,test
9890,test
9893,test
9898,test
9899,test
9903,test
9905,test
9906,test
9914,test
9919,test
9921,test
9929,test
9930,test
9933,test
9937,test
9940,test
9947,test
9949,test
9953,test
9961,test
9962,test
9972,test
9977,test
9988,test
9990,test
9993,test
10000,test
10013,test
10019,test
10020,test
10024,test
10027,test
10031,test
10036,test
10037,test
10060,test
10064,test
10076,test
10079,test
10084,test
10091,test
10093,test
10095,test
10099,test
10100,test
10125,test
10128,test
10129,test
10131,test
10135,test
10139,test
10153,test
10167,test
10176,test
10183,test
10192,test
10193,test
10204,test
10206,test
10207,test
10211,test
10213,test
10225,test
10227,test
10228,test
10232,test
10236,test
10242,test
10243,test
10245,test
10257,test
10261,test
10262,test
10270,test
10273,test
10277,test
10283,test
10286,test
10298,test
10301,test
10306,test
10317,test
10325,test
10329,test
10334,test
10338,test
10343,test
10352,test
10353,test
10354,test
10355,test
10357,test
10360,test
10366,test
10370,test
10371,test
10377,test
10382,test
10390,test
10393,test
10398,test
10399,test
10407,test
10409,test
10414,test
10422,test
10423,test
10425,test
10429,test
10430,test
10445,test
10446,test
10460,test
10463,test
10464,test
10466,test
10470,test
10476,test
10477,test
10494,test
10496,test
10497,test
10502,test
10505,test
10507,test
10510,test
10512,test
10513,test
10516,test
10520,test
10521,test
10526,test
10534,test
10541,test
10544,test
10546,test
10550,test
10561,test
10563,test
10570,test
10575,test
10576,test
10581,test
10582,test
10599,test
10601,test
10609,test
10625,test
10629,test
10631,test
10649,test
10651,test
10657,test
10668,test
10671,test
10672,test
10676,test
10677,test
10689,test
10690,test
10691,test
10697,test
10698,test
10710,test
10715,test
10719,test
10720,test
10723,test
10736,test
10748,test
10766,test
10769,test
10782,test
10784,test
10789,test
10791,test
10813,test
10821,test
10824,test
10828,test
10830,test
10841,test
10844,test
10862,test
10868,test
10880,test
10885,test
10891,test
10900,test
10903,test
10905,test
10912,test
10918,test
10920,test
10927,test
10931,test
10936,test
10937,test
10945,test
10948,test
10951,test
10954,test
10958,test
10959,test
10970,test
10982,test
10983,test
10985,test
10991,test
10995,test
11005,test
11011,test
11012,test
11013,test
11016,test
11022,test
11030,test
11032,test
11052,test
11053,test
11069,test
11072,test
11073,test
11092,test
11100,test
11106,test
11118,test
11119,test
11122,test
11126,test
11128,test
11130,test
11132,test
11143,test
11145,test
11148,test
11151,test
11153,test
11154,test
11161,test
11177,test
11178,test
11179,test
11181,test
11189,test
11190,test
11192,test
11193,test
11194,test
11196,test
11199,test
11205,test
11215,test
11217,test
11225,test
11228,test
11230,test
11238,test
11239,test
11244,test
11249,test
11254,test
11256,test
11257,test
11260,test
11263,test
11265,test
11270,test
11271,test
11275,test
11276,test
11277,test
11286,test
11287,test
11300,test
11306,test
11307,test
11308,test
11314,test
11316,test
11321,test
11324,test
11326,test
11327,test
11332,test
11334,test
11343,test
11353,test
11356,test
11357,test
11360,test
11362,test
11369,test
11377,test
11379,test
11380,test
11388,test
11389,test
11390,test
11399,test
11404,test
11406,test
11417,test
11424,test
11429,test
11434,test
11439,test
11444,test
11445,test
11449,test
11450,test
11451,test
11457,test
11479,test
11488,test
11489,test
11492,test
11501,test
11502,test
11503,test
11506,test
11508,test
11509,test
11512,test
11514,test
11525,test
11527,test
11533,test
11545,test
11567,test
11571,test
11586,test
11592,test
11593,test
11598,test
11605,test
11606,test
11608,test
11618,test
11622,test
11624,test
11625,test
11626,test
11627,test
11636,test
11637,test
11643,test
11645,test
11652,test
11655,test
11656,test
11661,test
11667,test
11671,test
11682,test
11687,test
11698,test
11703,test
11711,test
11712,test
11728,test
11733,test
11743,test
11748,test
11763,test
11767,test
11770,test
11776,test
11789,test
11793,test
11795,test
11805,test
11808,test
11809,test
11812,test
11813,test
11814,test
11817,test
11818,test
11819,test
11828,test
11831,test
11833,test
11839,test
11841,test
11842,test
11844,test
11847,test
11855,test
11859,test
11867,test
11870,test
11896,test
11897,test
11898,test
11901,test
11903,test
11904,test
11905,test
11910,test
11914,test
11918,test
11936,test
11941,test
11943,test
11944,test
11956,test
11964,test
11968,test
11969,test
11977,test
11984,test
11986,test
11989,test
11991,test
11995,test
12028,test
12033,test
12036,test
12037,test
12038,test
12050,test
12052,test
12054,test
12055,test
12057,test
12059,test
12061,test
12064,test
12069,test
12082,test
12084,test
12087,test
12089,test
12093,test
12103,test
12106,test
12112,test
12114,test
12125,test
12136,test
12141,test
12144,test
12149,test
12153,test
12155,test
12163,test
12167,test
12170,test
12190,test
12196,test
12203,test
12217,test
12221,test
12224,test
12228,test
12229,test
12234,test
12236,test
12239,test
12241,test
12245,test
12246,test
12251,test
12253,test
12258,test
12267,test
12278,test
12283,test
12285,test
12288,test
12291,test
12292,test
12294,test
12303,test
12305,test
12310,test
12314,test
12321,test
12332,test
12333,test
12336,test
12352,test
12354,test
12355,test
12359,test
12365,test
12368,test
12370,test
12385,test
12390,test
12397,test
12408,test
12409,test
12418,test
12427,test
12431,test
12433,test
12435,test
12441,test
12458,test
12462,test
12463,test
12464,test
12493,test
12508,test
12515,test
12518,test
12519,test
12521,test
12526,test
12533,test
12536,test
12537,test
12541,test
12544,test
12549,test
12551,test
12556,test
12572,test
12574,test
12580,test
12587,test
12588,test
12595,test
12597,test
12600,test
12609,test
12610,test
12611,test
12619,test
12620,test
12622,test
12624,test
12625,test
12627,test
12632,test
12638,test
12640,test
12643,test
12646,test
12655,test
12661,test
12668,test
12670,test
12679,test
12681,test
12690,test
12709,test
12711,test
12716,test
12718,test
12725,test
12731,test
12737,test
12739,test
12755,test
12762,test
12770,test
12775,test
12779,test
12785,test
12793,test
12796,test
12797,test
12799,test
12800,test
12806,test
12812,test
12814,test
12822,test
12826,test
12832,test
12833,test
12834,test
12837,test
12839,test
12841,test
12844,test
12846,test
12851,test
12855,test
12873,test
12884,test
12886,test
12897,test
12905,test
12909,test
12913,test
12918,test
12919,test
12923,test
12931,test
12934,test
12940,test
12954,test
12957,test
12965,test
12979,test
12984,test
12989,test
12990,test
13001,test
13012,test
13015,test
13020,test
13022,test
13023,test
13025,test
13048,test
13049,test
13050,test
13054,test
13064,test
13067,test
13076,test
13079,test
13080,test
13085,test
13091,test
13099,test
13100,test
13102,test
13107,test
13115,test
13119,test
13121,test
13125,test
13127,test
13131,test
13134,test
13135,test
13154,test
13156,test
13166,test
13167,test
13168,test
13173,test
13174,test
13175,test
13178,test
13182,test
13189,test
13195,test
13196,test
13197,test
13199,test
13200,test
13210,test
13212,test
13214,test
13226,test
13229,test
13230,test
13236,test
13251,test
13253,test
13260,test
13268,test
13275,test
13291,test
13292,test
13298,test
13299,test
13303,test
13308,test
13311,test
13315,test
13316,test
13327,test
13329,test
13333,test
13341,test
13345,test
13352,test
13356,test
13357,test
13362,test
13364,test
13366,test
13367,test
13368,test
13371,test
13372,test
13374,test
13376,test
13382,test
13388,test
13399,test
13409,test
13417,test
13421,test
13428,test
13431,test
13433,test
13439,test
13448,test
13460,test
13467,test
13469,test
13470,test
13472,test
13475,test
13478,test
13484,test
13487,test
13488,test
13493,test
13497,test
13499,test
13515,test
13518,test
13521,test
13540,test
13541,test
13543,test
13545,test
13550,test
13552,test
13553,test
13556,test
13558,test
13573,test
13574,test
13579,test
13582,test
13584,test
13587,test
13589,test
13590,test
13591,test
13593,test
13594,test
13596,test
13603,test
13605,test
13610,test
13611,test
13615,test
13617,test
13619,test
13620,test
13621,test
13633,test
13639,test
13641,test
13650,test
13657,test
13671,test
13675,test
13678,test
13679,test
13686,test
13688,test
13695,test
13696,test
13711,test
13713,test
13726,test
13727,test
13731,test
13739,test
13741,test
13742,test
13746,test
13757,test
13759,test
13767,test
13771,test
13785,test
13788,test
13798,test
13801,test
13803,test
13805,test
13812,test
13813,test
13817,test
13820,test
13821,test
13823,test
13836,test
13837,test
13838,test
13843,test
13848,test
13849,test
13853,test
13863,test
13877,test
13900,test
13904,test
13906,test
13907,test
13915,test
13917,test
13928,test
13939,test
13941,test
13944,test
13953,test
13955,test
13956,test
13960,test
13968,test
13985,test
13996,test
14000,test
14002,test
14005,test
14013,test
14015,test
14019,test
14020,test
14035,test
14045,test
14046,test
14054,test
14055,test
14056,test
14060,test
14062,test
14065,test
14066,test
14071,test
14072,test
14082,test
14092,test
14096,test
14104,test
14108,test
14109,test
14116,test
14118,test
14119,test
14122,test
14128,test
14132,test
14137,test
14138,test
14144,test
14145,test
14149,test
14164,test
14170,test
14172,test
14174,test
14178,test
14182,test
14184,test
14205,test
14217,test
14218,test
14223,test
14225,test
14226,test
14230,test
14235,test
14237,test
14238,test
14252,test
14262,test
14266,test
14269,test
14273,test
14274,test
14277,test
14282,test
14286,test
14294,test
14303,test
14306,test
14314,test
14322,test
14325,test
14336,test
14339,test
14354,test
14355,test
14360,test
14369,test
14379,test
14387,test
14396,test
14402,test
14403,test
14407,test
14411,test
14414,test
14427,test
14429,test
14432,test
14443,test
14446,test
14447,test
14459,test
14461,test
14462,test
14463,test
14468,test
14470,test
14471,test
14477,test
14478,test
14493,test
14496,test
14499,test
14500,test
14506,test
14510,test
14518,test
14519,test
14523,test
14526,test
14527,test
14533,test
14536,test
14539,test
14561,test
14571,test
14576,test
14577,test
14578,test
14579,test
14580,test
14585,test
14586,test
14601,test
14603,test
14604,test
14609,test
14612,test
14613,test
14614,test
14621,test
14625,test
14626,test
14628,test
14631,test
14648,test
14652,test
14653,test
14654,test
14656,test
14676,test
14682,test
14686,test
14695,test
14698,test
14710,test
14713,test
14732,test
14735,test
14738,test
14740,test
14743,test
14749,test
14751,test
14752,test
14753,test
14754,test
14762,test
14764,test
14769,test
14771,test
14775,test
14776,test
14778,test
14785,test
14792,test
14794,test
14796,test
14798,test
14799,test
14802,test
14804,test
14808,test
14812,test
14814,test
14815,test
14820,test
14827,test
14841,test
14844,test
14849,test
14852,test
14859,test
14870,test
14873,test
14875,test
14876,test
14881,test
14885,test
14899,test
14907,test
14908,test
14911,test
14920,test
14930,test
14931,test
14938,test
14942,test
14943,test
14944,test
14953,test
14957,test
14959,test
14961,test
14963,test
14965,test
14968,test
14970,test
14972,test
14977,test
14978,test
14979,test
14980,test
14981,test
14995,test
15002,test
15003,test
15005,test
15011,test
15017,test
15029,test
15040,test
15041,test
15046,test
15050,test
15055,test
15061,test
15063,test
15064,test
15066,test
15068,test
15081,test
15092,test
15095,test
15098,test
15099,test
15100,test
15102,test
15105,test
15106,test
15111,test
15119,test
15120,test
15123,test
15131,test
15133,test
15134,test
15135,test
15144,test
15146,test
15163,test
15165,test
15166,test
15171,test
15172,test
15181,test
15189,test
15193,test
15202,test
15205,test
15210,test
15216,test
15231,test
15233,test
15239,test
15240,test
15244,test
15253,test
15259,test
15268,test
15269,test
15273,test
15274,test
15281,test
15282,test
15290,test
15292,test
15294,test
15295,test
15297,test
15298,test
15300,test
15307,test
15319,test
15321,test
15323,test
15351,test
15354,test
15357,test
15362,test
15366,test
15371,test
15378,test
15382,test
15389,test
15395,test
15396,test
15400,test
15405,test
15406,test
15413,test
15421,test
15422,test
15427,test
15428,test
15429,test
15430,test
15437,test
15441,test
15460,test
15470,test
15479,test
15482,test
15485,test
15487,test
15491,test
15492,test
15493,test
15498,test
15507,test
15509,test
15510,test
15517,test
15519,test
15522,test
15534,test
15536,test
15538,test
15547,test
15548,test
15549,test
15557,test
15558,test
15562,test
15569,test
15572,test
15574,test
15580,test
15585,test
15591,test
15605,test
15610,test
15615,test
15622,test
15625,test
15626,test
15627,test
15632,test
15638,test
15643,test
15645,test
15646,test
15657,test
15658,test
15662,test
15663,test
15667,test
15692,test
15693,test
15696,test
15698,test
15706,test
15710,test
15713,test
15717,test
15721,test
15724,test
15725,test
15728,test
15742,test
15753,test
15758,test
15760,test
15767,test
15768,test
15770,test
15773,test
15783,test
15784,test
15794,test
15799,test
15806,test
15808,test
15809,test
15812,test
15821,test
15828,test
15830,test
15833,test
15839,test
15841,test
15843,test
15844,test
15853,test
15861,test
15863,test
15866,test
15870,test
15876,test
15879,test
15886,test
15889,test
15903,test
15908,test
15913,test
15916,test
15923,test
15940,test
15941,test
15945,test
15952,test
15956,test
15962,test
15969,test
15970,test
15972,test
15975,test
15979,test
15981,test
15982,test
15984,test
15985,test
16000,test
16001,test
16008,test
16011,test
16027,test
16031,test
16032,test
16037,test
16042,test
16046,test
16048,test
16056,test
16063,test
16068,test
16070,test
16071,test
16075,test
16086,test
16089,test
16091,test
16093,test
16095,test
16096,test
16111,test
16112,test
16115,test
16129,test
16130,test
16131,test
16135,test
16140,test
16144,test
16145,test
16147,test
16148,test
16165,test
16167,test
16169,test
16170,test
16176,test
16178,test
16179,test
16182,test
16186,test
16187,test
16189,test
16190,test
16193,test
16201,test
16202,test
16209,test
16214,test
16216,test
16218,test
16220,test
16225,test
16229,test
16230,test
16232,test
16234,test
16239,test
16251,test
16258,test
16267,test
16271,test
16272,test
16274,test
16290,test
16298,test
16307,test
16314,test
16320,test
16324,test
16325,test
16326,test
16328,test
16329,test
16330,test
16333,test
16335,test
16338,test
16342,test
16355,test
16360,test
16362,test
16368,test
16369,test
16373,test
16380,test
16382,test
16384,test
16388,test
16393,test
16395,test
16399,test
16405,test
16416,test
16419,test
16420,test
16421,test
16422,test
16424,test
16427,test
16430,test
16431,test
16435,test
16443,test
16445,test
16452,test
16464,test
16467,test
16469,test
16482,test
16484,test
16486,test
16487,test
16489,test
16491,test
16497,test
16504,test
16507,test
16512,test
16517,test
16521,test
16526,test
16534,test
16537,test
16540,test
16541,test
16544,test
16553,test
16584,test
16585,test
16587,test
16603,test
16605,test
16621,test
16630,test
16637,test
16644,test
16648,test
16666,test
16669,test
16671,test
16672,test
16676,test
16682,test
16684,test
16687,test
16688,test
16690,test
16694,test
16698,test
16704,test
16711,test
16723,test
16729,test
16732,test
16735,test
16738,test
16740,test
16742,test
16745,test
16751,test
16753,test
16759,test
16774,test
16793,test
16794,test
16799,test
16802,test
16809,test
16810,test
16811,test
16814,test
16819,test
16823,test
16824,test
16835,test
16840,test
16843,test
16848,test
16854,test
16857,test
16858,test
16859,test
16868,test
16876,test
16887,test
16888,test
16894,test
16903,test
16915,test
16923,test
16931,test
16937,test
16939,test
16942,test
16949,test
16953,test
16955,test
16961,test
16972,test
16975,test
16976,test
16977,test
16983,test
16986,test
16994,test
17006,test
17009,test
17021,test
17022,test
17024,test
17037,test
17040,test
17042,test
17049,test
17057,test
17061,test
17063,test
17067,test
17068,test
17084,test
17090,test
17109,test
17113,test
17116,test
17118,test
17124,test
17136,test
17143,test
17148,test
17157,test
17162,test
17167,test
17177,test
17180,test
17185,test
17192,test
17205,test
17216,test
17220,test
17221,test
17224,test
17228,test
17234,test
17238,test
17239,test
17243,test
17253,test
17260,test
17269,test
17270,test
17279,test
17292,test
17294,test
17296,test
17300,test
17307,test
17308,test
17310,test
17316,test
17319,test
17340,test
17342,test
17350,test
17352,test
17355,test
17373,test
17378,test
17382,test
17386,test
17387,test
17392,test
17400,test
17411,test
17412,test
17426,test
17427,test
17429,test
17434,test
17438,test
17442,test
17449,test
17453,test
17461,test
17463,test
17465,test
17467,test
17468,test
17470,test
17474,test
17475,test
17478,test
17482,test
17490,test
17492,test
17498,test
17499,test
17502,test
17508,test
17513,test
17522,test
17526,test
17528,test
17534,test
17535,test
17537,test
17540,test
17542,test
17545,test
17547,test
17548,test
17550,test
17553,test
17557,test
17558,test
17560,test
17563,test
17565,test
17579,test
17582,test
17584,test
17591,test
17596,test
17597,test
17606,test
17611,test
17621,test
17629,test
17632,test
17640,test
17648,test
17652,test
17655,test
17657,test
17658,test
17660,test
17666,test
17674,test
17679,test
17689,test
17698,test
17706,test
17711,test
17713,test
17721,test
17730,test
17732,test
17735,test
17745,test
17748,test
17757,test
17758,test
17760,test
17764,test
17767,test
17769,test
17770,test
17777,test
17782,test
17787,test
17790,test
17792,test
17798,test
17803,test
17809,test
17815,test
17817,test
17820,test
17823,test
17826,test
17828,test
17830,test
17835,test
17838,test
17847,test
17855,test
17873,test
17874,test
17878,test
17885,test
17888,test
17891,test
17895,test
17896,test
17904,test
17907,test
17914,test
17919,test
17924,test
17927,test
17929,test
17931,test
17934,test
17935,test
17937,test
17939,test
17942,test
17945,test
17957,test
17958,test
17960,test
17968,test
17971,test
17980,test
17982,test
17983,test
17985,test
17993,test
17996,test
17997,test
18002,test
18003,test
18006,test
18007,test
18013,test
18014,test
18022,test
18023,test
18026,test
18027,test
18035,test
18047,test
18057,test
18068,test
18070,test
18077,test
18083,test
18085,test
18088,test
18093,test
18098,test
18099,test
18105,test
18107,test
18112,test
18116,test
18119,test
18120,test
18122,test
18125,test
18132,test
18135,test
18137,test
18140,test
18141,test
18146,test
18150,test
18154,test
18155,test
18171,test
18188,test
18190,test
18192,test
18195,test
18196,test
18199,test
18205,test
18209,test
18235,test
18240,test
18243,test
18248,test
18251,test
18259,test
18265,test
18268,test
18270,test
18278,test
18284,test
18289,test
18296,test
18307,test
18308,test
18309,test
18311,test
18319,test
18330,test
18333,test
18338,test
18341,test
18342,test
18349,test
18354,test
18360,test
18368,test
18369,test
18374,test
18387,test
18388,test
18389,test
18392,test
18397,test
18398,test
18400,test
18404,test
18419,test
18421,test
18422,test
18424,test
18435,test
18439,test
18443,test
18449,test
18457,test
18463,test
18465,test
18466,test
18467,test
18474,test
18477,test
18478,test
18480,test
18488,test
18493,test
18496,test
18498,test
18503,test
18506,test
18507,test
18512,test
18516,test
18517,test
18529,test
18531,test
18535,test
18537,test
18542,test
18548,test
18549,test
18553,test
18554,test
18562,test
18572,test
18576,test
18587,test
18591,test
18600,test
18601,test
18604,test
18615,test
18623,test
18649,test
18657,test
18660,test
18666,test
18667,test
18671,test
18673,test
18676,test
18677,test
18684,test
18695,test
18698,test
18716,test
18717,test
18718,test
18721,test
18725,test
18736,test
18748,test
18751,test
18755,test
18758,test
18763,test
18765,test
18767,test
18771,test
18776,test
18777,test
18780,test
18784,test
18787,test
18789,test
18795,test
18798,test
18802,test
18805,test
18809,test
18820,test
18822,test
18824,test
18830,test
18832,test
18833,test
18836,test
18837,test
18839,test
18840,test
18843,test
18847,test
18856,test
18857,test
18858,test
18859,test
18862,test
18865,test
18870,test
18875,test
18876,test
18879,test
18883,test
18894,test
18897,test
18899,test
18900,test
18901,test
18903,test
18904,test
18908,test
18910,test
18915,test
18924,test
18927,test
18928,test
18949,test
18969,test
18971,test
18981,test
18986,test
18990,test
18993,test
18994,test
18997,test
19003,test
19005,test
19015,test
19021,test
19022,test
19036,test
19040,test
19044,test
19047,test
19049,test
19052,test
19065,test
19069,test
19071,test
19079,test
19091,test
19100,test
19103,test
19107,test
19109,test
19114,test
19134,test
19135,test
19138,test
19140,test
19141,test
19151,test
19154,test
19156,test
19162,test
19164,test
19190,test
19197,test
19201,test
19208,test
19220,test
19222,test
19228,test
19232,test
19235,test
19237,test
19238,test
19245,test
19247,test
19249,test
19262,test
19272,test
19279,test
19280,test
19287,test
19291,test
19295,test
19298,test
19307,test
19311,test
19317,test
19327,test
19328,test
19339,test
19340,test
19342,test
19348,test
19351,test
19354,test
19369,test
19374,test
19380,test
19387,test
19388,test
19392,test
19396,test
19397,test
19406,test
19425,test
19426,test
19434,test
19436,test
19439,test
19442,test
19454,test
19456,test
19468,test
19470,test
19479,test
19483,test
19491,test
19500,test
19501,test
19506,test
19513,test
19514,test
19517,test
19519,test
19522,test
19525,test
19526,test
19528,test
19549,test
19561,test
19563,test
19566,test
19571,test
19578,test
19587,test
19589,test
19593,test
19599,test
19603,test
19606,test
19609,test
19617,test
19618,test
19619,test
19629,test
19634,test
19637,test
19638,test
19640,test
19647,test
19654,test
19655,test
19671,test
19672,test
19677,test
19691,test
19707,test
19708,test
19721,test
19722,test
19729,test
19741,test
19747,test
19751,test
19760,test
19765,test
19771,test
19772,test
19777,test
19780,test
19781,test
19785,test
19787,test
19789,test
19790,test
19795,test
19798,test
19802,test
19803,test
19805,test
19807,test
19810,test
19813,test
19816,test
19819,test
19828,test
19833,test
19835,test
19837,test
19840,test
19845,test
19855,test
19864,test
19866,test
19869,test
19877,test
19886,test
19888,test
19894,test
19898,test
19904,test
19906,test
19908,test
19911,test
19923,test
19944,test
19949,test
19953,test
19958,test
19962,test
19967,test
19968,test
19981,test
19985,test
19987,test
19996,test
19998,test
20001,test
20002,test
20006,test
20032,test
20033,test
20034,test
20035,test
20037,test
20038,test
20039,test
20049,test
20062,test
20065,test
20069,test
20070,test
20071,test
20072,test
20083,test
20089,test
20090,test
20100,test
20101,test
20102,test
20106,test
20111,test
20112,test
20114,test
20123,test
20140,test
20153,test
20156,test
20161,test
20166,test
20167,test
20169,test
20180,test
20185,test
20189,test
20192,test
20197,test
20200,test
20201,test
20202,test
20211,test
20212,test
20219,test
20254,test
20257,test
20265,test
20273,test
20279,test
20290,test
20295,test
20296,test
20297,test
20303,test
20306,test
20321,test
20328,test
20335,test
20346,test
20368,test
20369,test
20380,test
20384,test
20386,test
20392,test
20398,test
20399,test
20407,test
20408,test
20409,test
20417,test
20438,test
20450,test
20458,test
20459,test
20469,test
20473,test
20474,test
20475,test
20477,test
20479,test
20485,test
20488,test
20489,test
20490,test
20498,test
20499,test
20500,test
20503,test
20504,test
20519,test
20523,test
20526,test
20527,test
20534,test
20536,test
20541,test
20558,test
20566,test
20569,test
20570,test
20577,test
20587,test
20605,test
20615,test
20623,test
20625,test
20628,test
20630,test
20631,test
20632,test
20636,test
20641,test
20642,test
20659,test
20680,test
20686,test
20687,test
20688,test
20693,test
20700,test
20709,test
20713,test
20714,test
20716,test
20730,test
20732,test
20737,test
20742,test
20743,test
20744,test
20755,test
20760,test
20771,test
20775,test
20776,test
20780,test
20788,test
20789,test
20792,test
20796,test
20797,test
20803,test
20805,test
20808,test
20813,test
20817,test
20831,test
20835,test
20839,test
20843,test
20845,test
20847,test
20850,test
20855,test
20865,test
20868,test
20870,test
20874,test
20880,test
20882,test
20884,test
20891,test
20893,test
20895,test
20900,test
20903,test
20906,test
20908,test
20911,test
20929,test
20934,test
20938,test
20952,test
20967,test
20969,test
20972,test
20979,test
20984,test
20985,test
20991,test
20998,test
21010,test
21017,test
21019,test
21023,test
21025,test
21034,test
21048,test
21050,test
21051,test
21053,test
21057,test
21061,test
21067,test
21072,test
21079,test
21081,test
21082,test
21083,test
21091,test
21095,test
21099,test
21100,test
21103,test
21110,test
21111,test
21113,test
21116,test
21123,test
21127,test
21131,test
21139,test
21144,test
21145,test
21150,test
21151,test
21155,test
21158,test
21160,test
21164,test
21168,test
21183,test
21184,test
21186,test
21187,test
21190,test
21194,test
21202,test
21203,test
21212,test
21214,test
21217,test
21220,test
21222,test
21223,test
21239,test
21243,test
21249,test
21251,test
21252,test
21255,test
21258,test
21267,test
21269,test
21274,test
21284,test
21285,test
21298,test
21300,test
21307,test
21310,test
21314,test
21320,test
21323,test
21324,test
21328,test
21329,test
21335,test
21338,test
21344,test
21357,test
21363,test
21367,test
21380,test
21381,test
21383,test
21386,test
21392,test
21403,test
21408,test
21409,test
21410,test
21414,test
21415,test
21421,test
21425,test
21427,test
21430,test
21447,test
21450,test
21455,test
21457,test
21460,test
21480,test
21484,test
21485,test
21490,test
21499,test
21503,test
21504,test
21506,test
21512,test
21513,test
21520,test
21530,test
21532,test
21537,test
21538,test
21548,test
21554,test
21565,test
21568,test
21580,test
21584,test
21590,test
21591,test
21598,test
21602,test
21604,test
21605,test
21606,test
21611,test
21613,test
21618,test
21619,test
21624,test
21644,test
21648,test
21658,test
21661,test
21664,test
21668,test
21671,test
21677,test
21679,test
21680,test
21686,test
21687,test
21694,test
21695,test
21701,test
21705,test
21708,test
21709,test
21713,test
21716,test
21721,test
21742,test
21743,test
21757,test
21758,test
21760,test
21767,test
21775,test
21780,test
21781,test
21788,test
21795,test
21797,test
21799,test
21806,test
21811,test
21813,test
21814,test
21816,test
21817,test
21823,test
21824,test
21837,test
21872,test
21881,test
21884,test
21885,test
21893,test
21895,test
21896,test
21901,test
21914,test
21923,test
21927,test
21930,test
21935,test
21941,test
21942,test
21947,test
21949,test
21953,test
21956,test
21958,test
21966,test
21969,test
21971,test
21985,test
21990,test
21991,test
22008,test
22026,test
22033,test
22035,test
22036,test
22049,test
22050,test
22054,test
22062,test
22065,test
22067,test
22068,test
22074,test
22081,test
22082,test
22083,test
22087,test
22091,test
22095,test
22097,test
22098,test
22101,test
22104,test
22106,test
22109,test
22110,test
22111,test
22120,test
22126,test
22131,test
22132,test
22138,test
22152,test
22156,test
22163,test
22166,test
22175,test
22178,test
22179,test
22188,test
22205,test
22211,test
22212,test
22217,test
22219,test
22222,test
22227,test
22230,test
22232,test
22233,test
22243,test
22244,test
22247,test
22255,test
22258,test
22260,test
22283,test
22287,test
22292,test
22293,test
22299,test
22306,test
22317,test
22329,test
22334,test
22340,test
22343,test
22352,test
22354,test
22355,test
22368,test
22369,test
22374,test
22378,test
22382,test
22384,test
22386,test
22390,test
22391,test
22407,test
22408,test
22417,test
22426,test
22429,test
22439,test
22449,test
22452,test
22460,test
22461,test
22465,test
22466,test
22472,test
22473,test
22478,test
22481,test
22483,test
22486,test
22492,test
22494,test
22502,test
22503,test
22516,test
22520,test
22522,test
22531,test
22532,test
22537,test
22552,test
22553,test
22559,test
22563,test
22572,test
22576,test
22579,test
22580,test
22581,test
22596,test
22605,test
22608,test
22609,test
22611,test
22612,test
22623,test
22636,test
22643,test
22645,test
22651,test
22655,test
22662,test
22671,test
22676,test
22677,test
22680,test
22692,test
22695,test
22700,test
22714,test
22716,test
22718,test
22719,test
22724,test
22727,test
22733,test
22736,test
22742,test
22744,test
22748,test
22750,test
22759,test
22764,test
22769,test
22771,test
22772,test
22776,test
22777,test
22784,test
22790,test
22792,test
22800,test
22802,test
22807,test
22812,test
22816,test
22825,test
22830,test
22835,test
22840,test
22841,test
22844,test
22846,test
22847,test
22848,test
22870,test
22871,test
22872,test
22876,test
22877,test
22879,test
22884,test
22886,test
22895,test
22896,test
22899,test
22911,test
22914,test
22917,test
22921,test
22938,test
22939,test
22942,test
22944,test
22952,test
22954,test
22956,test
22957,test
22970,test
22971,test
22976,test
22977,test
22980,test
22982,test
22996,test
23003,test
23006,test
23009,test
23012,test
23015,test
23016,test
23017,test
23019,test
23021,test
23024,test
23027,test
23030,test
23034,test
23037,test
23047,test
23054,test
23073,test
23083,test
23084,test
23086,test
23088,test
23090,test
23095,test
23099,test
23102,test
23109,test
23113,test
23118,test
23119,test
23122,test
23125,test
23132,test
23134,test
23136,test
23137,test
23144,test
23147,test
23149,test
23159,test
23177,test
23179,test
23180,test
23187,test
23190,test
23199,test
23203,test
23206,test
23210,test
23217,test
23222,test
23232,test
23233,test
23235,test
23238,test
23240,test
23242,test
23245,test
23246,test
23247,test
23252,test
23262,test
23265,test
23269,test
23272,test
23275,test
23287,test
23301,test
23303,test
23305,test
23306,test
23320,test
23324,test
23328,test
23331,test
23333,test
23335,test
23338,test
23339,test
23340,test
23344,test
23347,test
23351,test
23358,test
23363,test
23374,test
23375,test
23376,test
23377,test
23380,test
23390,test
23391,test
23392,test
23404,test
23406,test
23410,test
23413,test
23415,test
23424,test
23425,test
23428,test
23439,test
23444,test
23445,test
23451,test
23452,test
23455,test
23460,test
23461,test
23462,test
23468,test
23475,test
23489,test
23492,test
23495,test
23503,test
23504,test
23505,test
23508,test
23515,test
23520,test
23522,test
23529,test
23535,test
23539,test
23547,test
23550,test
23554,test
23565,test
23567,test
23569,test
23574,test
23580,test
23583,test
23586,test
23589,test
23590,test
23598,test
23602,test
23603,test
23608,test
23610,test
23615,test
23618,test
23619,test
23620,test
23632,test
23648,test
23652,test
23658,test
23660,test
23673,test
23690,test
23695,test
23700,test
23710,test
23719,test
23727,test
23735,test
23745,test
23766,test
23776,test
23778,test
23787,test
23801,test
23809,test
23813,test
23819,test
23828,test
23832,test
23833,test
23838,test
23849,test
23857,test
23859,test
23876,test
23877,test
23883,test
23884,test
23885,test
23900,test
23901,test
23902,test
23905,test
23906,test
23934,test
23936,test
23943,test
23944,test
23946,test
23951,test
23957,test
23958,test
23962,test
23967,test
23969,test
23971,test
23980,test
23981,test
23993,test
23999,test
24004,test
24006,test
24013,test
24016,test
24020,test
24024,test
24031,test
24051,test
24056,test
24060,test
24066,test
24067,test
24069,test
24070,test
24080,test
24081,test
24086,test
24091,test
24096,test
24105,test
24109,test
24111,test
24113,test
24116,test
24120,test
24121,test
24123,test
24125,test
24128,test
24135,test
24142,test
24150,test
24157,test
24158,test
24165,test
24194,test
24195,test
24198,test
24199,test
24202,test
24207,test
24208,test
24211,test
24213,test
24214,test
24216,test
24220,test
24223,test
24224,test
24225,test
24229,test
24231,test
24233,test
24244,test
24264,test
24268,test
24274,test
24280,test
24284,test
24295,test
24306,test
24308,test
24312,test
24313,test
24314,test
24317,test
24319,test
24320,test
24327,test
24328,test
24329,test
24340,test
24344,test
24345,test
24353,test
24360,test
24368,test
24372,test
24379,test
24381,test
24383,test
24390,test
24392,test
24397,test
24398,test
24399,test
24401,test
24407,test
24408,test
24409,test
24411,test
24414,test
24420,test
24422,test
24423,test
24425,test
24427,test
24431,test
24442,test
24446,test
24447,test
24450,test
24455,test
24457,test
24460,test
24463,test
24464,test
24471,test
24476,test
24481,test
24482,test
24483,test
24484,test
24491,test
24499,test
24503,test
24512,test
24513,test
24514,test
24515,test
24516,test
24519,test
24521,test
24532,test
24540,test
24541,test
24546,test
24552,test
24555,test
24569,test
24577,test
24578,test
24586,test
24590,test
24591,test
24601,test
24602,test
24603,test
24622,test
24624,test
24625,test
24627,test
24635,test
24643,test
24647,test
24648,test
24653,test
24658,test
24659,test
24662,test
24665,test
24667,test
24675,test
24689,test
24692,test
24693,test
24695,test
24697,test
24700,test
24702,test
24724,test
24728,test
24731,test
24732,test
24733,test
24736,test
24741,test
24747,test
24748,test
24752,test
24756,test
24758,test
24767,test
24769,test
24773,test
24774,test
24776,test
24789,test
24790,test
24793,test
24795,test
24799,test
24804,test
24806,test
24808,test
24825,test
24829,test
24833,test
24835,test
24836,test
24837,test
24840,test
24842,test
24851,test
24854,test
24855,test
24866,test
24867,test
24868,test
24869,test
24870,test
24871,test
24874,test
24876,test
24883,test
24887,test
24889,test
24894,test
24896,test
24899,test
24906,test
24907,test
24909,test
24910,test
24922,test
24928,test
24931,test
24942,test
24963,test
24968,test
24980,test
24981,test
24986,test
24991,test
24992,test
24993,test
24997,test
24998,test
25014,test
25022,test
25023,test
25025,test
25034,test
25035,test
25051,test
25058,test
25062,test
25064,test
25066,test
25082,test
25084,test
25094,test
25097,test
25103,test
25107,test
25108,test
25114,test
25116,test
25117,test
25124,test
25140,test
25146,test
25149,test
25154,test
25161,test
25168,test
25169,test
25175,test
25178,test
25183,test
25187,test
25196,test
25198,test
25202,test
25203,test
25210,test
25214,test
25215,test
25217,test
25218,test
25222,test
25224,test
25230,test
25232,test
25234,test
25239,test
25241,test
25255,test
25257,test
25258,test
25269,test
25273,test
25277,test
25279,test
25283,test
25284,test
25291,test
25295,test
25296,test
25307,test
25311,test
25314,test
25319,test
25323,test
25324,test
25325,test
25327,test
25328,test
25336,test
25337,test
25341,test
25342,test
25345,test
25348,test
25354,test
25355,test
25361,test
25366,test
25370,test
25376,test
25382,test
25383,test
25385,test
25387,test
25389,test
25390,test
25397,test
25400,test
25401,test
25402,test
25409,test
25418,test
25421,test
25422,test
25423,test
25429,test
25431,test
25440,test
25444,test
25448,test
25449,test
25450,test
25451,test
25452,test
25453,test
25454,test
25463,test
25468,test
25470,test
25480,test
25482,test
25496,test
25498,test
25500,test
25501,test
25502,test
25503,test
25504,test
25509,test
25529,test
25535,test
25536,test
25541,test
25563,test
25572,test
25574,test
25576,test
25577,test
25578,test
25588,test
25592,test
25594,test
25601,test
25605,test
25606,test
25611,test
25617,test
25625,test
25626,test
25628,test
25633,test
25634,test
25639,test
25640,test
25643,test
25655,test
25660,test
25665,test
25667,test
25670,test
25674,test
25681,test
25685,test
25686,test
25689,test
25693,test
25696,test
25697,test
25703,test
25705,test
25707,test
25715,test
25731,test
25733,test
25736,test
25738,test
25752,test
25756,test
25769,test
25772,test
25773,test
25776,test
25777,test
25779,test
25780,test
25784,test
25786,test
25798,test
25800,test
25801,test
25814,test
25815,test
25816,test
25819,test
25824,test
25828,test
25842,test
25844,test
25847,test
25849,test
25854,test
25856,test
25858,test
25864,test
25867,test
25868,test
25870,test
25871,test
25873,test
25883,test
25885,test
25894,test
25899,test
25903,test
25905,test
25906,test
25910,test
25912,test
25914,test
25915,test
25917,test
25920,test
25928,test
25929,test
25938,test
25948,test
25954,test
25955,test
25958,test
25959,test
25975,test
25976,test
25977,test
25981,test
25989,test
25996,test
26002,test
26003,test
26004,test
26008,test
26010,test
26019,test
26021,test
26025,test
26031,test
26035,test
26039,test
26047,test
26050,test
26052,test
26053,test
26062,test
26068,test
26075,test
26078,test
26088,test
26092,test
26094,test
26100,test
26113,test
26120,test
26126,test
26129,test
26131,test
26132,test
26138,test
26139,test
26140,test
26142,test
26143,test
26153,test
26163,test
26177,test
26189,test
26199,test
26217,test
26227,test
26232,test
26236,test
26239,test
26241,test
26244,test
26246,test
26253,test
26254,test
26256,test
26258,test
26260,test
26267,test
26268,test
26272,test
26274,test
26278,test
26283,test
26287,test
26288,test
26289,test
26295,test
26300,test
26308,test
26313,test
26317,test
26325,test
26327,test
26328,test
26331,test
26338,test
26346,test
26355,test
26356,test
26367,test
26368,test
26369,test
26372,test
26376,test
26377,test
26378,test
26380,test
26394,test
26405,test
26412,test
26419,test
26421,test
26423,test
26424,test
26428,test
26430,test
26431,test
26441,test
26446,test
26449,test
26450,test
26455,test
26463,test
26470,test
26475,test
26478,test
26484,test
26486,test
26488,test
26495,test
26509,test
26514,test
26517,test
26528,test
26530,test
26531,test
26533,test
26540,test
26551,test
26569,test
26580,test
26585,test
26588,test
26591,test
26596,test
26599,test
26603,test
26619,test
26620,test
26623,test
26629,test
26636,test
26643,test
26644,test
26645,test
26648,test
26652,test
26667,test
26676,test
26677,test
26681,test
26682,test
26687,test
26690,test
26696,test
26701,test
26722,test
26723,test
26726,test
26729,test
26740,test
26744,test
26747,test
26750,test
26751,test
26753,test
26759,test
26768,test
26779,test
26780,test
26781,test
26785,test
26806,test
26812,test
26819,test
26836,test
26838,test
26845,test
26848,test
26854,test
26859,test
26862,test
26866,test
26868,test
26872,test
26876,test
26880,test
26882,test
26891,test
26905,test
26908,test
26913,test
26918,test
26927,test
26930,test
26931,test
26946,test
26949,test
26960,test
26965,test
26969,test
26979,test
26991,test
27000,test
27006,test
27013,test
27017,test
27018,test
27035,test
27037,test
27040,test
27042,test
27047,test
27048,test
27056,test
27062,test
27064,test
27069,test
27070,test
27071,test
27080,test
27081,test
27087,test
27089,test
27091,test
27094,test
27095,test
27098,test
27102,test
27103,test
27105,test
27109,test
27117,test
27131,test
27139,test
27141,test
27150,test
27151,test
27157,test
27158,test
27163,test
27165,test
27168,test
27184,test
27190,test
27194,test
27196,test
27197,test
27205,test
27213,test
27217,test
27220,test
27225,test
27228,test
27230,test
27231,test
27232,test
27236,test
27241,test
27249,test
27255,test
27258,test
27261,test
27268,test
27270,test
27271,test
27274,test
27290,test
27305,test
27309,test
27310,test
27311,test
27313,test
27315,test
27317,test
27331,test
27335,test
27340,test
27348,test
27353,test
27376,test
27379,test
27381,test
27386,test
27388,test
27389,test
27405,test
27407,test
27408,test
27415,test
27423,test
27428,test
27432,test
27448,test
27451,test
27452,test
27459,test
27470,test
27471,test
27472,test
27474,test
27485,test
27486,test
27487,test
27489,test
27502,test
27504,test
27506,test
27514,test
27516,test
27517,test
27519,test
27526,test
27528,test
27543,test
27546,test
27551,test
27552,test
27558,test
27559,test
27566,test
27567,test
27569,test
27577,test
27581,test
27585,test
27587,test
27592,test
27601,test
27609,test
27615,test
27619,test
27621,test
27624,test
27625,test
27628,test
27630,test
27641,test
27642,test
27649,test
27650,test
27653,test
27658,test
27666,test
27681,test
27683,test
27686,test
27699,test
27704,test
27718,test
27732,test
27736,test
27738,test
27743,test
27744,test
27751,test
27753,test
27754,test
27758,test
27762,test
27763,test
27764,test
27784,test
27790,test
27793,test
27801,test
27803,test
27820,test
27830,test
27841,test
27842,test
27848,test
27862,test
27864,test
27865,test
27868,test
27873,test
27874,test
27876,test
27890,test
27892,test
27903,test
27904,test
27913,test
27914,test
27929,test
27940,test
27945,test
27947,test
27948,test
27959,test
27974,test
27984,test
27995,test
27996,test
27999,test
28002,test
28003,test
28014,test
28020,test
28028,test
28030,test
28032,test
28035,test
28040,test
28045,test
28052,test
28055,test
28058,test
28059,test
28060,test
28065,test
28071,test
28085,test
28087,test
28090,test
28093,test
28095,test
28104,test
28105,test
28112,test
28119,test
28127,test
28128,test
28132,test
28134,test
28136,test
28139,test
28145,test
28155,test
28157,test
28171,test
28175,test
28176,test
28178,test
28181,test
28185,test
28188,test
28192,test
28193,test
28195,test
28199,test
28202,test
28223,test
28225,test
28227,test
28229,test
28231,test
28232,test
28233,test
28255,test
28256,test
28260,test
28275,test
28278,test
28279,test
28284,test
28289,test
28293,test
28305,test
28312,test
28319,test
28337,test
28341,test
28344,test
28345,test
28352,test
28354,test
28357,test
28364,test
28383,test
28385,test
28386,test
28404,test
28407,test
28408,test
28411,test
28419,test
28420,test
28433,test
28434,test
28435,test
28450,test
28453,test
28463,test
28465,test
28476,test
28477,test
28478,test
28481,test
28486,test
28488,test
28490,test
28495,test
28502,test
28508,test
28511,test
28512,test
28514,test
28515,test
28519,test
28522,test
28524,test
28525,test
28527,test
28533,test
28538,test
28542,test
28553,test
28556,test
28565,test
28573,test
28582,test
28585,test
28598,test
28600,test
28611,test
28624,test
28636,test
28643,test
28648,test
28650,test
28651,test
28654,test
28661,test
28664,test
28666,test
28668,test
28669,test
28677,test
28678,test
28680,test
28682,test
28684,test
28690,test
28695,test
28698,test
28699,test
28704,test
28710,test
28717,test
28721,test
28723,test
28727,test
28729,test
28730,test
28734,test
28752,test
28755,test
28760,test
28768,test
28774,test
28779,test
28780,test
28796,test
28798,test
28802,test
28810,test
28816,test
28821,test
28831,test
28838,test
28839,test
28845,test
28856,test
28864,test
28874,test
28876,test
28877,test
28878,test
28881,test
28887,test
28888,test
28889,test
28896,test
28897,test
28899,test
28900,test
28901,test
28904,test
28908,test
28911,test
28918,test
28922,test
28927,test
28933,test
28936,test
28945,test
28948,test
28949,test
28955,test
28964,test
28968,test
28976,test
28988,test
28995,test
28998,test
29012,test
29013,test
29017,test
29018,test
29019,test
29027,test
29033,test
29044,test
29047,test
29048,test
29054,test
29056,test
29060,test
29063,test
29065,test
29068,test
29081,test
29083,test
29087,test
29100,test
29103,test
29108,test
29117,test
29121,test
29127,test
29129,test
29135,test
29139,test
29148,test
29167,test
29176,test
29182,test
29186,test
29193,test
29194,test
29199,test
29207,test
29209,test
29210,test
29238,test
29242,test
29256,test
29258,test
29261,test
29263,test
29269,test
29274,test
29291,test
29299,test
29302,test
29319,test
29332,test
29337,test
29347,test
29348,test
29351,test
29352,test
29353,test
29360,test
29371,test
29373,test
29380,test
29381,test
29388,test
29390,test
29404,test
29415,test
29418,test
29428,test
29432,test
29437,test
29447,test
29450,test
29456,test
29459,test
29461,test
29463,test
29470,test
29477,test
29481,test
29482,test
29485,test
29496,test
29504,test
29505,test
29528,test
29531,test
29543,test
29548,test
29550,test
29553,test
29554,test
29557,test
29558,test
29559,test
29560,test
29562,test
29567,test
29570,test
29579,test
29588,test
29595,test
29596,test
29607,test
29622,test
29625,test
29627,test
29630,test
29656,test
29660,test
29661,test
29675,test
29687,test
29692,test
29695,test
29698,test
29699,test
29701,test
29702,test
29705,test
29706,test
29707,test
29711,test
29715,test
29717,test
29719,test
29720,test
29721,test
29726,test
29732,test
29741,test
29745,test
29748,test
29752,test
29756,test
29757,test
29763,test
29764,test
29767,test
29774,test
29776,test
29781,test
29799,test
29802,test
29809,test
29811,test
29819,test
29824,test
29833,test
29843,test
29849,test
29865,test
29872,test
29878,test
29885,test
29898,test
29906,test
29907,test
29916,test
29923,test
29930,test
29938,test
29945,test
29962,test
29971,test
29980,test
29996,test
29997,test
29998,test
30006,test
30008,test
30012,test
30014,test
30016,test
30023,test
30025,test
30032,test
30034,test
30041,test
30043,test
30052,test
30056,test
30059,test
30060,test
30071,test
30074,test
30082,test
30086,test
30092,test
30093,test
30102,test
30114,test
30115,test
30129,test
30138,test
30141,test
30142,test
30144,test
30145,test
30147,test
30148,test
30151,test
30153,test
30155,test
30168,test
30171,test
30173,test
30176,test
30183,test
30186,test
30199,test
30201,test
30209,test
30216,test
30217,test
30222,test
30225,test
30226,test
30238,test
30252,test
30259,test
30260,test
30261,test
30266,test
30270,test
30277,test
30278,test
30285,test
30288,test
30289,test
30293,test
30294,test
30301,test
30302,test
30309,test
30314,test
30315,test
30317,test
30321,test
30326,test
30331,test
30342,test
30343,test
30352,test
30365,test
30375,test
30380,test
30393,test
30403,test
30405,test
30407,test
30410,test
30417,test
30426,test
30429,test
30441,test
30442,test
30448,test
30449,test
30453,test
30455,test
30457,test
30460,test
30466,test
30479,test
30483,test
30487,test
30490,test
30492,test
30496,test
30498,test
30507,test
30510,test
30517,test
30518,test
30519,test
30528,test
30529,test
30531,test
30533,test
30534,test
30538,test
30543,test
30544,test
30549,test
30567,test
30575,test
30578,test
30583,test
30587,test
30589,test
30591,test
30594,test
30602,test
30611,test
30613,test
30627,test
30630,test
30634,test
30636,test
30644,test
30653,test
30654,test
30657,test
30661,test
30667,test
30669,test
30672,test
30673,test
30677,test
30678,test
30683,test
30685,test
30693,test
30695,test
30702,test
30703,test
30704,test
30709,test
30710,test
30713,test
30719,test
30727,test
30738,test
30739,test
30750,test
30753,test
30766,test
30786,test
30789,test
30790,test
30792,test
30803,test
1,train
2,train
4,train
5,train
6,train
9,train
10,train
11,train
12,train
13,train
14,train
15,train
16,train
17,train
19,train
20,train
21,train
22,train
23,train
24,train
25,train
26,train
27,train
28,train
29,train
30,train
31,train
32,train
33,train
38,train
39,train
40,train
43,train
45,train
46,train
48,train
49,train
50,train
51,train
52,train
55,train
56,train
57,train
58,train
59,train
60,train
62,train
63,train
64,train
65,train
67,train
68,train
69,train
70,train
71,train
72,train
73,train
75,train
77,train
78,train
79,train
80,train
81,train
82,train
83,train
85,train
86,train
87,train
88,train
89,train
90,train
91,train
96,train
98,train
99,train
101,train
102,train
103,train
105,train
106,train
107,train
109,train
110,train
111,train
112,train
113,train
115,train
116,train
117,train
118,train
119,train
121,train
123,train
125,train
126,train
127,train
129,train
130,train
131,train
132,train
133,train
135,train
137,train
138,train
139,train
140,train
142,train
143,train
144,train
149,train
150,train
152,train
153,train
154,train
155,train
156,train
157,train
158,train
159,train
160,train
161,train
162,train
163,train
164,train
165,train
166,train
167,train
170,train
171,train
172,train
175,train
176,train
177,train
178,train
179,train
180,train
181,train
182,train
184,train
185,train
186,train
187,train
188,train
190,train
191,train
192,train
194,train
196,train
198,train
199,train
201,train
202,train
203,train
204,train
205,train
206,train
207,train
208,train
210,train
212,train
213,train
214,train
216,train
219,train
220,train
221,train
223,train
224,train
225,train
226,train
228,train
229,train
230,train
233,train
234,train
235,train
236,train
237,train
240,train
241,train
242,train
243,train
245,train
246,train
247,train
249,train
250,train
252,train
253,train
255,train
256,train
259,train
261,train
263,train
265,train
268,train
269,train
270,train
272,train
276,train
277,train
282,train
283,train
285,train
286,train
287,train
288,train
290,train
294,train
295,train
296,train
297,train
298,train
299,train
300,train
301,train
302,train
303,train
304,train
305,train
307,train
309,train
310,train
311,train
312,train
314,train
315,train
317,train
318,train
319,train
320,train
321,train
323,train
325,train
326,train
328,train
329,train
330,train
332,train
334,train
336,train
337,train
338,train
339,train
340,train
341,train
343,train
344,train
348,train
350,train
351,train
353,train
354,train
356,train
357,train
358,train
359,train
360,train
361,train
362,train
363,train
364,train
366,train
367,train
369,train
370,train
371,train
372,train
373,train
374,train
375,train
376,train
378,train
379,train
380,train
382,train
385,train
387,train
388,train
390,train
391,train
392,train
394,train
395,train
396,train
399,train
400,train
401,train
403,train
404,train
406,train
407,train
408,train
411,train
412,train
413,train
414,train
415,train
416,train
417,train
418,train
419,train
420,train
421,train
422,train
423,train
425,train
426,train
427,train
428,train
430,train
432,train
433,train
434,train
435,train
436,train
437,train
438,train
440,train
441,train
442,train
444,train
445,train
447,train
449,train
450,train
453,train
455,train
456,train
459,train
461,train
462,train
466,train
467,train
468,train
470,train
471,train
472,train
474,train
476,train
478,train
480,train
482,train
484,train
487,train
489,train
490,train
491,train
493,train
494,train
495,train
496,train
497,train
498,train
501,train
503,train
505,train
508,train
509,train
510,train
511,train
512,train
514,train
515,train
516,train
518,train
519,train
520,train
522,train
523,train
524,train
525,train
526,train
527,train
528,train
529,train
532,train
534,train
535,train
536,train
538,train
540,train
541,train
542,train
543,train
544,train
545,train
547,train
549,train
552,train
554,train
555,train
557,train
558,train
559,train
560,train
561,train
562,train
563,train
564,train
565,train
566,train
568,train
569,train
570,train
571,train
572,train
573,train
575,train
576,train
577,train
579,train
581,train
582,train
585,train
586,train
587,train
588,train
589,train
590,train
591,train
592,train
593,train
594,train
595,train
597,train
598,train
599,train
600,train
603,train
605,train
606,train
607,train
609,train
611,train
612,train
613,train
614,train
615,train
616,train
619,train
620,train
621,train
623,train
624,train
626,train
628,train
629,train
630,train
631,train
632,train
634,train
635,train
636,train
637,train
638,train
639,train
640,train
642,train
643,train
646,train
647,train
649,train
651,train
653,train
654,train
655,train
656,train
659,train
660,train
661,train
662,train
663,train
664,train
666,train
667,train
668,train
669,train
670,train
671,train
672,train
673,train
674,train
676,train
678,train
679,train
680,train
681,train
683,train
684,train
685,train
686,train
687,train
688,train
689,train
690,train
691,train
692,train
693,train
694,train
695,train
697,train
699,train
700,train
701,train
702,train
704,train
707,train
708,train
709,train
710,train
711,train
712,train
713,train
714,train
715,train
717,train
718,train
720,train
722,train
723,train
724,train
725,train
726,train
727,train
728,train
729,train
731,train
732,train
733,train
736,train
738,train
740,train
741,train
744,train
745,train
746,train
747,train
750,train
752,train
754,train
755,train
756,train
758,train
759,train
760,train
761,train
762,train
764,train
765,train
766,train
767,train
768,train
769,train
770,train
771,train
772,train
774,train
775,train
777,train
778,train
779,train
780,train
781,train
782,train
783,train
784,train
785,train
786,train
787,train
788,train
789,train
790,train
792,train
793,train
794,train
795,train
796,train
798,train
799,train
800,train
802,train
804,train
805,train
806,train
807,train
808,train
809,train
810,train
813,train
814,train
815,train
816,train
817,train
818,train
819,train
820,train
825,train
826,train
827,train
828,train
830,train
831,train
832,train
833,train
834,train
836,train
838,train
839,train
840,train
842,train
843,train
845,train
846,train
847,train
848,train
849,train
850,train
851,train
854,train
856,train
857,train
858,train
859,train
860,train
861,train
862,train
863,train
864,train
865,train
866,train
869,train
870,train
871,train
872,train
875,train
877,train
878,train
880,train
882,train
883,train
884,train
885,train
886,train
887,train
888,train
889,train
890,train
892,train
893,train
894,train
895,train
898,train
899,train
900,train
902,train
903,train
904,train
905,train
907,train
909,train
910,train
911,train
914,train
915,train
916,train
917,train
918,train
919,train
921,train
922,train
923,train
925,train
926,train
927,train
930,train
931,train
932,train
933,train
934,train
935,train
936,train
938,train
939,train
940,train
941,train
942,train
943,train
945,train
946,train
947,train
948,train
949,train
950,train
951,train
952,train
953,train
955,train
956,train
958,train
959,train
961,train
962,train
963,train
967,train
968,train
969,train
970,train
974,train
975,train
976,train
977,train
978,train
979,train
982,train
983,train
984,train
985,train
987,train
988,train
989,train
990,train
991,train
992,train
995,train
996,train
998,train
1000,train
1001,train
1002,train
1003,train
1004,train
1005,train
1006,train
1008,train
1009,train
1011,train
1014,train
1015,train
1016,train
1018,train
1019,train
1020,train
1021,train
1023,train
1025,train
1026,train
1028,train
1029,train
1030,train
1032,train
1033,train
1035,train
1037,train
1038,train
1039,train
1040,train
1041,train
1043,train
1045,train
1047,train
1049,train
1050,train
1052,train
1058,train
1059,train
1060,train
1061,train
1062,train
1063,train
1065,train
1068,train
1069,train
1070,train
1071,train
1072,train
1075,train
1077,train
1078,train
1080,train
1081,train
1082,train
1083,train
1084,train
1085,train
1086,train
1089,train
1090,train
1092,train
1094,train
1095,train
1096,train
1097,train
1098,train
1099,train
1100,train
1101,train
1102,train
1103,train
1105,train
1106,train
1108,train
1111,train
1112,train
1113,train
1116,train
1117,train
1118,train
1120,train
1121,train
1125,train
1126,train
1127,train
1128,train
1131,train
1132,train
1133,train
1135,train
1136,train
1137,train
1138,train
1140,train
1141,train
1142,train
1143,train
1144,train
1145,train
1146,train
1147,train
1149,train
1150,train
1151,train
1152,train
1154,train
1155,train
1156,train
1157,train
1158,train
1159,train
1160,train
1161,train
1162,train
1165,train
1166,train
1167,train
1168,train
1169,train
1170,train
1171,train
1172,train
1173,train
1174,train
1175,train
1177,train
1178,train
1179,train
1182,train
1185,train
1186,train
1187,train
1188,train
1189,train
1190,train
1192,train
1193,train
1194,train
1195,train
1196,train
1199,train
1200,train
1201,train
1204,train
1205,train
1206,train
1207,train
1208,train
1209,train
1210,train
1211,train
1212,train
1213,train
1214,train
1215,train
1217,train
1218,train
1219,train
1222,train
1224,train
1225,train
1226,train
1227,train
1229,train
1230,train
1231,train
1232,train
1233,train
1235,train
1237,train
1238,train
1239,train
1240,train
1241,train
1242,train
1245,train
1249,train
1250,train
1252,train
1253,train
1254,train
1255,train
1257,train
1258,train
1259,train
1260,train
1261,train
1263,train
1264,train
1265,train
1266,train
1268,train
1269,train
1270,train
1271,train
1272,train
1273,train
1274,train
1275,train
1276,train
1278,train
1280,train
1281,train
1284,train
1286,train
1287,train
1288,train
1290,train
1293,train
1295,train
1296,train
1297,train
1298,train
1301,train
1302,train
1305,train
1306,train
1307,train
1308,train
1309,train
1310,train
1311,train
1313,train
1314,train
1315,train
1316,train
1317,train
1318,train
1320,train
1322,train
1325,train
1326,train
1327,train
1329,train
1330,train
1333,train
1334,train
1336,train
1339,train
1341,train
1342,train
1343,train
1344,train
1345,train
1346,train
1349,train
1351,train
1352,train
1353,train
1354,train
1356,train
1357,train
1360,train
1361,train
1362,train
1363,train
1364,train
1365,train
1366,train
1368,train
1369,train
1370,train
1371,train
1373,train
1374,train
1375,train
1376,train
1377,train
1379,train
1380,train
1381,train
1382,train
1383,train
1384,train
1385,train
1387,train
1390,train
1391,train
1392,train
1393,train
1394,train
1395,train
1400,train
1402,train
1403,train
1404,train
1405,train
1406,train
1408,train
1409,train
1411,train
1414,train
1416,train
1417,train
1419,train
1420,train
1421,train
1422,train
1424,train
1425,train
1426,train
1429,train
1431,train
1432,train
1433,train
1436,train
1437,train
1438,train
1439,train
1440,train
1441,train
1446,train
1447,train
1448,train
1450,train
1452,train
1455,train
1456,train
1459,train
1460,train
1461,train
1462,train
1463,train
1465,train
1466,train
1467,train
1468,train
1469,train
1470,train
1473,train
1474,train
1475,train
1477,train
1478,train
1479,train
1482,train
1485,train
1486,train
1487,train
1489,train
1491,train
1492,train
1493,train
1495,train
1496,train
1497,train
1498,train
1499,train
1500,train
1501,train
1502,train
1505,train
1506,train
1507,train
1508,train
1509,train
1510,train
1512,train
1514,train
1515,train
1516,train
1517,train
1518,train
1519,train
1520,train
1521,train
1522,train
1523,train
1524,train
1525,train
1526,train
1527,train
1528,train
1529,train
1532,train
1533,train
1534,train
1535,train
1536,train
1538,train
1539,train
1540,train
1542,train
1543,train
1544,train
1545,train
1546,train
1548,train
1549,train
1550,train
1551,train
1552,train
1555,train
1557,train
1558,train
1560,train
1561,train
1562,train
1563,train
1564,train
1565,train
1566,train
1567,train
1568,train
1569,train
1572,train
1573,train
1574,train
1575,train
1576,train
1577,train
1578,train
1579,train
1580,train
1582,train
1583,train
1584,train
1585,train
1586,train
1587,train
1590,train
1591,train
1592,train
1593,train
1594,train
1595,train
1597,train
1598,train
1601,train
1602,train
1603,train
1606,train
1607,train
1609,train
1610,train
1612,train
1615,train
1616,train
1618,train
1619,train
1620,train
1621,train
1622,train
1623,train
1624,train
1625,train
1626,train
1627,train
1628,train
1629,train
1630,train
1631,train
1632,train
1633,train
1634,train
1637,train
1638,train
1639,train
1640,train
1641,train
1642,train
1644,train
1646,train
1647,train
1648,train
1649,train
1650,train
1652,train
1654,train
1655,train
1656,train
1657,train
1658,train
1659,train
1660,train
1664,train
1666,train
1668,train
1670,train
1671,train
1672,train
1673,train
1675,train
1678,train
1679,train
1680,train
1681,train
1682,train
1684,train
1686,train
1687,train
1688,train
1689,train
1690,train
1692,train
1693,train
1694,train
1695,train
1696,train
1697,train
1698,train
1700,train
1701,train
1702,train
1703,train
1705,train
1706,train
1707,train
1708,train
1709,train
1710,train
1713,train
1714,train
1715,train
1717,train
1718,train
1719,train
1720,train
1721,train
1722,train
1723,train
1725,train
1726,train
1727,train
1728,train
1729,train
1733,train
1735,train
1736,train
1738,train
1740,train
1741,train
1743,train
1745,train
1746,train
1747,train
1749,train
1750,train
1752,train
1753,train
1755,train
1756,train
1757,train
1758,train
1760,train
1761,train
1762,train
1763,train
1764,train
1767,train
1768,train
1769,train
1770,train
1771,train
1773,train
1774,train
1775,train
1776,train
1781,train
1782,train
1783,train
1784,train
1785,train
1786,train
1788,train
1790,train
1791,train
1793,train
1794,train
1795,train
1796,train
1798,train
1799,train
1800,train
1801,train
1803,train
1804,train
1807,train
1810,train
1811,train
1813,train
1814,train
1815,train
1817,train
1818,train
1820,train
1821,train
1822,train
1824,train
1825,train
1826,train
1827,train
1829,train
1832,train
1833,train
1834,train
1836,train
1840,train
1841,train
1843,train
1844,train
1845,train
1846,train
1847,train
1848,train
1849,train
1850,train
1851,train
1852,train
1853,train
1854,train
1855,train
1857,train
1858,train
1859,train
1860,train
1861,train
1862,train
1863,train
1864,train
1865,train
1866,train
1867,train
1868,train
1869,train
1871,train
1872,train
1873,train
1875,train
1876,train
1877,train
1878,train
1879,train
1880,train
1881,train
1882,train
1883,train
1884,train
1885,train
1886,train
1887,train
1888,train
1889,train
1891,train
1892,train
1893,train
1894,train
1895,train
1896,train
1898,train
1899,train
1900,train
1901,train
1904,train
1905,train
1906,train
1907,train
1908,train
1909,train
1910,train
1911,train
1914,train
1915,train
1917,train
1918,train
1919,train
1920,train
1921,train
1923,train
1925,train
1926,train
1927,train
1928,train
1930,train
1931,train
1932,train
1933,train
1934,train
1935,train
1936,train
1937,train
1940,train
1942,train
1944,train
1945,train
1947,train
1949,train
1950,train
1951,train
1952,train
1954,train
1955,train
1956,train
1957,train
1958,train
1959,train
1961,train
1962,train
1964,train
1966,train
1968,train
1970,train
1971,train
1972,train
1974,train
1975,train
1977,train
1978,train
1980,train
1981,train
1983,train
1985,train
1986,train
1987,train
1988,train
1989,train
1990,train
1992,train
1996,train
1998,train
1999,train
2001,train
2002,train
2003,train
2006,train
2007,train
2008,train
2011,train
2012,train
2014,train
2015,train
2016,train
2019,train
2020,train
2022,train
2023,train
2024,train
2025,train
2026,train
2027,train
2028,train
2029,train
2032,train
2033,train
2036,train
2037,train
2039,train
2040,train
2041,train
2043,train
2045,train
2047,train
2048,train
2049,train
2050,train
2051,train
2052,train
2053,train
2054,train
2055,train
2057,train
2059,train
2060,train
2061,train
2063,train
2065,train
2066,train
2067,train
2069,train
2070,train
2071,train
2072,train
2074,train
2076,train
2077,train
2078,train
2082,train
2083,train
2084,train
2087,train
2088,train
2089,train
2091,train
2093,train
2094,train
2096,train
2097,train
2098,train
2099,train
2100,train
2101,train
2102,train
2103,train
2104,train
2105,train
2106,train
2107,train
2109,train
2110,train
2113,train
2114,train
2115,train
2116,train
2117,train
2119,train
2122,train
2123,train
2124,train
2125,train
2126,train
2127,train
2129,train
2131,train
2132,train
2135,train
2138,train
2140,train
2144,train
2145,train
2147,train
2149,train
2150,train
2151,train
2152,train
2155,train
2156,train
2157,train
2159,train
2160,train
2161,train
2162,train
2163,train
2164,train
2165,train
2166,train
2168,train
2170,train
2171,train
2173,train
2175,train
2177,train
2178,train
2179,train
2180,train
2181,train
2182,train
2183,train
2184,train
2186,train
2187,train
2188,train
2189,train
2191,train
2192,train
2193,train
2194,train
2197,train
2198,train
2199,train
2200,train
2201,train
2203,train
2204,train
2205,train
2206,train
2207,train
2208,train
2211,train
2213,train
2216,train
2217,train
2218,train
2219,train
2220,train
2224,train
2225,train
2229,train
2231,train
2232,train
2234,train
2235,train
2236,train
2238,train
2239,train
2240,train
2242,train
2243,train
2244,train
2245,train
2246,train
2247,train
2248,train
2249,train
2250,train
2252,train
2254,train
2255,train
2256,train
2257,train
2258,train
2259,train
2261,train
2262,train
2263,train
2264,train
2265,train
2266,train
2268,train
2269,train
2271,train
2272,train
2273,train
2274,train
2275,train
2279,train
2280,train
2283,train
2285,train
2288,train
2289,train
2290,train
2292,train
2293,train
2294,train
2295,train
2297,train
2298,train
2299,train
2302,train
2303,train
2304,train
2305,train
2306,train
2307,train
2308,train
2312,train
2313,train
2314,train
2318,train
2319,train
2322,train
2324,train
2325,train
2327,train
2328,train
2329,train
2331,train
2334,train
2336,train
2337,train
2338,train
2339,train
2340,train
2342,train
2344,train
2345,train
2346,train
2348,train
2349,train
2352,train
2353,train
2354,train
2355,train
2356,train
2358,train
2359,train
2361,train
2362,train
2364,train
2366,train
2367,train
2368,train
2370,train
2371,train
2372,train
2373,train
2374,train
2375,train
2377,train
2378,train
2379,train
2380,train
2382,train
2383,train
2385,train
2386,train
2388,train
2390,train
2391,train
2392,train
2393,train
2395,train
2396,train
2397,train
2398,train
2400,train
2404,train
2408,train
2410,train
2411,train
2412,train
2413,train
2414,train
2416,train
2417,train
2418,train
2419,train
2420,train
2422,train
2423,train
2424,train
2425,train
2426,train
2427,train
2428,train
2429,train
2430,train
2432,train
2433,train
2434,train
2437,train
2438,train
2439,train
2440,train
2441,train
2442,train
2443,train
2444,train
2447,train
2448,train
2451,train
2452,train
2453,train
2454,train
2455,train
2456,train
2457,train
2459,train
2460,train
2461,train
2462,train
2463,train
2466,train
2467,train
2470,train
2471,train
2472,train
2473,train
2474,train
2475,train
2476,train
2478,train
2479,train
2480,train
2481,train
2483,train
2484,train
2485,train
2488,train
2489,train
2490,train
2491,train
2492,train
2493,train
2494,train
2495,train
2496,train
2499,train
2501,train
2503,train
2504,train
2505,train
2506,train
2507,train
2510,train
2511,train
2512,train
2513,train
2515,train
2516,train
2518,train
2520,train
2521,train
2522,train
2523,train
2525,train
2526,train
2528,train
2530,train
2531,train
2532,train
2535,train
2536,train
2537,train
2538,train
2540,train
2544,train
2545,train
2546,train
2548,train
2549,train
2551,train
2552,train
2553,train
2554,train
2555,train
2556,train
2557,train
2558,train
2559,train
2560,train
2561,train
2563,train
2564,train
2566,train
2568,train
2569,train
2570,train
2571,train
2573,train
2574,train
2575,train
2576,train
2577,train
2578,train
2579,train
2581,train
2582,train
2583,train
2585,train
2587,train
2588,train
2590,train
2591,train
2592,train
2594,train
2595,train
2597,train
2598,train
2599,train
2600,train
2601,train
2602,train
2604,train
2606,train
2607,train
2608,train
2610,train
2611,train
2612,train
2614,train
2615,train
2616,train
2619,train
2621,train
2622,train
2624,train
2625,train
2626,train
2628,train
2629,train
2630,train
2631,train
2632,train
2633,train
2634,train
2637,train
2638,train
2643,train
2644,train
2647,train
2649,train
2651,train
2652,train
2653,train
2654,train
2655,train
2657,train
2658,train
2660,train
2661,train
2664,train
2666,train
2667,train
2668,train
2671,train
2672,train
2673,train
2674,train
2676,train
2680,train
2681,train
2682,train
2685,train
2686,train
2687,train
2689,train
2690,train
2691,train
2692,train
2693,train
2696,train
2697,train
2698,train
2699,train
2700,train
2704,train
2705,train
2707,train
2708,train
2709,train
2710,train
2711,train
2712,train
2713,train
2717,train
2718,train
2720,train
2721,train
2722,train
2723,train
2724,train
2726,train
2728,train
2729,train
2730,train
2732,train
2733,train
2734,train
2736,train
2737,train
2739,train
2740,train
2742,train
2743,train
2744,train
2746,train
2747,train
2748,train
2750,train
2751,train
2754,train
2756,train
2757,train
2759,train
2760,train
2762,train
2764,train
2766,train
2767,train
2769,train
2771,train
2774,train
2775,train
2776,train
2777,train
2778,train
2779,train
2780,train
2781,train
2782,train
2783,train
2784,train
2786,train
2787,train
2788,train
2789,train
2791,train
2792,train
2793,train
2794,train
2795,train
2796,train
2797,train
2801,train
2803,train
2804,train
2805,train
2807,train
2808,train
2809,train
2810,train
2811,train
2812,train
2813,train
2815,train
2816,train
2817,train
2818,train
2819,train
2821,train
2822,train
2823,train
2824,train
2825,train
2826,train
2827,train
2828,train
2829,train
2830,train
2832,train
2833,train
2834,train
2835,train
2836,train
2837,train
2838,train
2839,train
2840,train
2841,train
2844,train
2845,train
2846,train
2847,train
2848,train
2853,train
2854,train
2855,train
2856,train
2858,train
2860,train
2861,train
2862,train
2864,train
2866,train
2867,train
2870,train
2871,train
2872,train
2873,train
2874,train
2876,train
2878,train
2879,train
2882,train
2884,train
2887,train
2888,train
2889,train
2891,train
2892,train
2893,train
2895,train
2896,train
2897,train
2900,train
2906,train
2907,train
2909,train
2910,train
2911,train
2912,train
2913,train
2914,train
2915,train
2916,train
2918,train
2920,train
2921,train
2923,train
2924,train
2925,train
2926,train
2929,train
2931,train
2932,train
2934,train
2937,train
2940,train
2941,train
2942,train
2943,train
2945,train
2946,train
2947,train
2953,train
2954,train
2957,train
2958,train
2960,train
2962,train
2963,train
2964,train
2965,train
2966,train
2967,train
2968,train
2969,train
2970,train
2971,train
2972,train
2973,train
2977,train
2978,train
2979,train
2980,train
2982,train
2984,train
2986,train
2987,train
2988,train
2989,train
2992,train
2994,train
2996,train
2997,train
2998,train
2999,train
3004,train
3005,train
3006,train
3007,train
3008,train
3009,train
3011,train
3012,train
3013,train
3014,train
3016,train
3019,train
3020,train
3022,train
3023,train
3025,train
3026,train
3027,train
3029,train
3030,train
3031,train
3033,train
3034,train
3035,train
3037,train
3038,train
3039,train
3040,train
3041,train
3042,train
3044,train
3045,train
3047,train
3049,train
3052,train
3053,train
3055,train
3056,train
3057,train
3058,train
3060,train
3061,train
3062,train
3063,train
3064,train
3067,train
3068,train
3070,train
3071,train
3073,train
3074,train
3075,train
3076,train
3077,train
3079,train
3080,train
3081,train
3082,train
3084,train
3085,train
3086,train
3087,train
3088,train
3089,train
3090,train
3091,train
3093,train
3094,train
3095,train
3096,train
3098,train
3099,train
3100,train
3102,train
3104,train
3105,train
3108,train
3110,train
3111,train
3113,train
3114,train
3115,train
3117,train
3118,train
3119,train
3120,train
3122,train
3124,train
3125,train
3126,train
3127,train
3131,train
3132,train
3134,train
3135,train
3136,train
3137,train
3138,train
3139,train
3140,train
3141,train
3142,train
3144,train
3145,train
3146,train
3147,train
3148,train
3149,train
3150,train
3151,train
3153,train
3154,train
3156,train
3157,train
3159,train
3160,train
3162,train
3164,train
3165,train
3166,train
3167,train
3168,train
3171,train
3172,train
3174,train
3176,train
3177,train
3178,train
3179,train
3180,train
3181,train
3183,train
3184,train
3186,train
3187,train
3189,train
3191,train
3192,train
3193,train
3197,train
3199,train
3200,train
3201,train
3202,train
3204,train
3205,train
3206,train
3207,train
3210,train
3213,train
3214,train
3216,train
3217,train
3218,train
3219,train
3220,train
3222,train
3224,train
3225,train
3226,train
3228,train
3229,train
3232,train
3233,train
3234,train
3235,train
3236,train
3237,train
3239,train
3240,train
3241,train
3242,train
3244,train
3245,train
3246,train
3248,train
3250,train
3251,train
3252,train
3253,train
3254,train
3256,train
3258,train
3259,train
3260,train
3261,train
3262,train
3265,train
3267,train
3268,train
3272,train
3274,train
3275,train
3276,train
3277,train
3278,train
3279,train
3280,train
3281,train
3282,train
3284,train
3286,train
3289,train
3290,train
3291,train
3292,train
3293,train
3294,train
3295,train
3296,train
3297,train
3298,train
3300,train
3301,train
3303,train
3304,train
3305,train
3306,train
3307,train
3308,train
3310,train
3311,train
3312,train
3313,train
3314,train
3315,train
3316,train
3318,train
3320,train
3321,train
3323,train
3324,train
3325,train
3326,train
3327,train
3328,train
3331,train
3333,train
3334,train
3336,train
3337,train
3338,train
3339,train
3340,train
3341,train
3342,train
3346,train
3347,train
3348,train
3349,train
3353,train
3355,train
3357,train
3358,train
3359,train
3360,train
3362,train
3363,train
3364,train
3365,train
3366,train
3368,train
3369,train
3371,train
3372,train
3373,train
3374,train
3375,train
3376,train
3377,train
3378,train
3380,train
3381,train
3382,train
3385,train
3386,train
3389,train
3390,train
3391,train
3392,train
3393,train
3394,train
3396,train
3398,train
3401,train
3404,train
3405,train
3406,train
3407,train
3408,train
3409,train
3410,train
3412,train
3414,train
3415,train
3416,train
3418,train
3419,train
3420,train
3423,train
3424,train
3425,train
3429,train
3430,train
3431,train
3432,train
3433,train
3434,train
3435,train
3436,train
3437,train
3438,train
3441,train
3443,train
3444,train
3445,train
3446,train
3447,train
3448,train
3450,train
3451,train
3453,train
3454,train
3455,train
3457,train
3458,train
3459,train
3460,train
3461,train
3463,train
3464,train
3465,train
3466,train
3467,train
3469,train
3472,train
3473,train
3476,train
3477,train
3478,train
3479,train
3480,train
3481,train
3482,train
3485,train
3486,train
3487,train
3488,train
3490,train
3491,train
3492,train
3494,train
3496,train
3497,train
3500,train
3501,train
3503,train
3506,train
3507,train
3510,train
3513,train
3514,train
3515,train
3516,train
3517,train
3521,train
3522,train
3523,train
3524,train
3525,train
3527,train
3528,train
3529,train
3530,train
3531,train
3532,train
3535,train
3536,train
3537,train
3539,train
3540,train
3541,train
3543,train
3544,train
3545,train
3546,train
3547,train
3550,train
3552,train
3553,train
3556,train
3557,train
3558,train
3559,train
3560,train
3561,train
3562,train
3563,train
3564,train
3565,train
3566,train
3568,train
3569,train
3570,train
3571,train
3572,train
3573,train
3574,train
3577,train
3578,train
3584,train
3585,train
3587,train
3588,train
3592,train
3594,train
3597,train
3598,train
3599,train
3600,train
3601,train
3603,train
3604,train
3605,train
3606,train
3607,train
3608,train
3612,train
3614,train
3615,train
3616,train
3618,train
3619,train
3620,train
3621,train
3623,train
3624,train
3625,train
3626,train
3627,train
3628,train
3629,train
3630,train
3631,train
3632,train
3633,train
3634,train
3637,train
3638,train
3642,train
3645,train
3646,train
3647,train
3649,train
3651,train
3653,train
3655,train
3657,train
3658,train
3660,train
3662,train
3665,train
3666,train
3668,train
3669,train
3670,train
3671,train
3672,train
3673,train
3675,train
3676,train
3677,train
3678,train
3679,train
3680,train
3682,train
3683,train
3684,train
3685,train
3686,train
3687,train
3688,train
3689,train
3690,train
3692,train
3693,train
3694,train
3696,train
3697,train
3700,train
3701,train
3702,train
3705,train
3706,train
3709,train
3710,train
3713,train
3714,train
3715,train
3716,train
3717,train
3719,train
3720,train
3721,train
3722,train
3724,train
3725,train
3727,train
3728,train
3729,train
3730,train
3731,train
3732,train
3733,train
3734,train
3735,train
3737,train
3738,train
3739,train
3740,train
3742,train
3743,train
3744,train
3745,train
3747,train
3750,train
3751,train
3755,train
3756,train
3757,train
3759,train
3760,train
3762,train
3763,train
3764,train
3765,train
3766,train
3767,train
3768,train
3769,train
3771,train
3772,train
3773,train
3774,train
3775,train
3778,train
3780,train
3782,train
3783,train
3784,train
3785,train
3786,train
3787,train
3788,train
3789,train
3791,train
3792,train
3794,train
3796,train
3797,train
3798,train
3801,train
3802,train
3803,train
3804,train
3805,train
3808,train
3809,train
3810,train
3811,train
3812,train
3813,train
3816,train
3817,train
3818,train
3819,train
3820,train
3822,train
3823,train
3824,train
3825,train
3826,train
3827,train
3829,train
3831,train
3837,train
3838,train
3839,train
3840,train
3842,train
3846,train
3847,train
3849,train
3850,train
3851,train
3852,train
3853,train
3854,train
3855,train
3857,train
3858,train
3860,train
3861,train
3862,train
3863,train
3864,train
3865,train
3866,train
3867,train
3868,train
3869,train
3870,train
3871,train
3872,train
3874,train
3879,train
3880,train
3882,train
3883,train
3884,train
3887,train
3888,train
3889,train
3890,train
3891,train
3893,train
3894,train
3895,train
3896,train
3897,train
3898,train
3899,train
3901,train
3903,train
3905,train
3907,train
3908,train
3909,train
3910,train
3911,train
3912,train
3914,train
3915,train
3916,train
3918,train
3919,train
3922,train
3925,train
3926,train
3927,train
3928,train
3933,train
3934,train
3935,train
3936,train
3937,train
3938,train
3939,train
3941,train
3942,train
3943,train
3944,train
3945,train
3946,train
3948,train
3949,train
3951,train
3952,train
3953,train
3955,train
3956,train
3958,train
3959,train
3961,train
3963,train
3964,train
3966,train
3967,train
3968,train
3969,train
3970,train
3971,train
3973,train
3976,train
3977,train
3978,train
3981,train
3982,train
3983,train
3984,train
3985,train
3986,train
3988,train
3990,train
3991,train
3993,train
3995,train
3996,train
3997,train
3998,train
4000,train
4001,train
4002,train
4003,train
4005,train
4006,train
4007,train
4008,train
4009,train
4010,train
4012,train
4013,train
4014,train
4015,train
4017,train
4018,train
4019,train
4020,train
4021,train
4022,train
4023,train
4024,train
4025,train
4026,train
4028,train
4030,train
4032,train
4033,train
4034,train
4036,train
4039,train
4040,train
4041,train
4042,train
4045,train
4046,train
4047,train
4050,train
4051,train
4053,train
4054,train
4055,train
4056,train
4057,train
4060,train
4061,train
4062,train
4063,train
4064,train
4065,train
4066,train
4067,train
4068,train
4070,train
4072,train
4073,train
4074,train
4075,train
4076,train
4077,train
4078,train
4079,train
4080,train
4082,train
4083,train
4084,train
4087,train
4088,train
4089,train
4090,train
4091,train
4092,train
4093,train
4095,train
4096,train
4097,train
4099,train
4100,train
4101,train
4103,train
4108,train
4109,train
4112,train
4113,train
4114,train
4115,train
4117,train
4119,train
4122,train
4123,train
4124,train
4125,train
4127,train
4128,train
4131,train
4132,train
4133,train
4134,train
4136,train
4137,train
4139,train
4142,train
4145,train
4146,train
4147,train
4148,train
4151,train
4155,train
4156,train
4158,train
4159,train
4160,train
4162,train
4163,train
4164,train
4165,train
4167,train
4170,train
4172,train
4174,train
4175,train
4176,train
4177,train
4178,train
4180,train
4181,train
4183,train
4186,train
4189,train
4190,train
4191,train
4192,train
4193,train
4194,train
4196,train
4197,train
4198,train
4199,train
4200,train
4201,train
4202,train
4205,train
4206,train
4208,train
4209,train
4211,train
4213,train
4214,train
4215,train
4216,train
4218,train
4219,train
4220,train
4223,train
4225,train
4226,train
4227,train
4229,train
4231,train
4232,train
4233,train
4234,train
4235,train
4237,train
4239,train
4240,train
4241,train
4243,train
4244,train
4245,train
4246,train
4248,train
4249,train
4250,train
4252,train
4256,train
4260,train
4261,train
4262,train
4263,train
4264,train
4265,train
4267,train
4268,train
4269,train
4270,train
4272,train
4273,train
4275,train
4276,train
4278,train
4279,train
4280,train
4281,train
4282,train
4285,train
4287,train
4289,train
4290,train
4295,train
4296,train
4299,train
4300,train
4301,train
4302,train
4303,train
4305,train
4306,train
4308,train
4309,train
4310,train
4311,train
4312,train
4313,train
4314,train
4315,train
4316,train
4317,train
4318,train
4320,train
4325,train
4326,train
4327,train
4328,train
4330,train
4331,train
4332,train
4333,train
4335,train
4336,train
4338,train
4339,train
4341,train
4343,train
4346,train
4347,train
4349,train
4350,train
4351,train
4353,train
4354,train
4355,train
4356,train
4357,train
4360,train
4361,train
4362,train
4363,train
4364,train
4365,train
4366,train
4367,train
4368,train
4369,train
4371,train
4375,train
4377,train
4378,train
4379,train
4381,train
4383,train
4384,train
4386,train
4388,train
4389,train
4390,train
4391,train
4393,train
4395,train
4396,train
4397,train
4398,train
4399,train
4401,train
4402,train
4403,train
4404,train
4407,train
4408,train
4410,train
4413,train
4416,train
4418,train
4419,train
4423,train
4424,train
4427,train
4428,train
4429,train
4430,train
4431,train
4432,train
4433,train
4434,train
4436,train
4437,train
4438,train
4440,train
4441,train
4442,train
4443,train
4444,train
4445,train
4446,train
4447,train
4448,train
4452,train
4453,train
4454,train
4455,train
4457,train
4459,train
4461,train
4463,train
4464,train
4465,train
4466,train
4467,train
4468,train
4469,train
4471,train
4473,train
4474,train
4475,train
4477,train
4478,train
4479,train
4482,train
4483,train
4484,train
4486,train
4487,train
4488,train
4490,train
4491,train
4492,train
4493,train
4494,train
4495,train
4497,train
4498,train
4499,train
4501,train
4504,train
4505,train
4506,train
4507,train
4508,train
4509,train
4510,train
4512,train
4513,train
4515,train
4516,train
4517,train
4518,train
4519,train
4522,train
4523,train
4524,train
4525,train
4527,train
4528,train
4529,train
4530,train
4531,train
4534,train
4536,train
4537,train
4538,train
4539,train
4542,train
4544,train
4545,train
4546,train
4548,train
4549,train
4550,train
4551,train
4552,train
4554,train
4555,train
4556,train
4558,train
4559,train
4560,train
4562,train
4563,train
4564,train
4565,train
4566,train
4567,train
4568,train
4569,train
4571,train
4573,train
4574,train
4575,train
4576,train
4577,train
4582,train
4584,train
4587,train
4588,train
4589,train
4591,train
4592,train
4593,train
4594,train
4595,train
4596,train
4598,train
4600,train
4602,train
4604,train
4607,train
4608,train
4609,train
4610,train
4611,train
4612,train
4613,train
4614,train
4615,train
4616,train
4617,train
4618,train
4619,train
4620,train
4621,train
4622,train
4624,train
4626,train
4628,train
4630,train
4632,train
4633,train
4634,train
4636,train
4638,train
4639,train
4643,train
4644,train
4645,train
4647,train
4648,train
4649,train
4650,train
4651,train
4652,train
4653,train
4654,train
4655,train
4656,train
4658,train
4659,train
4661,train
4662,train
4663,train
4666,train
4667,train
4669,train
4675,train
4676,train
4677,train
4678,train
4681,train
4682,train
4683,train
4684,train
4685,train
4687,train
4688,train
4691,train
4692,train
4693,train
4694,train
4695,train
4696,train
4698,train
4701,train
4702,train
4704,train
4705,train
4709,train
4710,train
4711,train
4712,train
4713,train
4714,train
4715,train
4717,train
4718,train
4719,train
4722,train
4723,train
4724,train
4725,train
4726,train
4727,train
4728,train
4729,train
4730,train
4733,train
4735,train
4736,train
4737,train
4738,train
4747,train
4748,train
4749,train
4751,train
4754,train
4755,train
4756,train
4758,train
4761,train
4762,train
4764,train
4765,train
4766,train
4767,train
4768,train
4769,train
4771,train
4774,train
4775,train
4776,train
4777,train
4778,train
4779,train
4780,train
4781,train
4782,train
4785,train
4788,train
4790,train
4792,train
4793,train
4796,train
4797,train
4798,train
4799,train
4800,train
4801,train
4802,train
4803,train
4804,train
4805,train
4806,train
4807,train
4808,train
4809,train
4810,train
4813,train
4816,train
4817,train
4819,train
4821,train
4822,train
4823,train
4824,train
4826,train
4827,train
4828,train
4829,train
4830,train
4831,train
4832,train
4834,train
4835,train
4836,train
4837,train
4838,train
4839,train
4840,train
4841,train
4843,train
4847,train
4849,train
4853,train
4854,train
4855,train
4856,train
4857,train
4858,train
4859,train
4860,train
4861,train
4862,train
4863,train
4865,train
4866,train
4867,train
4869,train
4870,train
4871,train
4873,train
4874,train
4875,train
4876,train
4877,train
4879,train
4881,train
4882,train
4887,train
4888,train
4889,train
4890,train
4892,train
4896,train
4897,train
4898,train
4899,train
4900,train
4902,train
4906,train
4907,train
4908,train
4909,train
4910,train
4911,train
4912,train
4913,train
4917,train
4918,train
4920,train
4921,train
4923,train
4924,train
4925,train
4926,train
4927,train
4928,train
4930,train
4931,train
4932,train
4935,train
4936,train
4937,train
4938,train
4939,train
4940,train
4941,train
4942,train
4943,train
4944,train
4945,train
4946,train
4947,train
4948,train
4949,train
4952,train
4954,train
4957,train
4958,train
4959,train
4960,train
4961,train
4962,train
4964,train
4965,train
4966,train
4967,train
4968,train
4971,train
4972,train
4974,train
4976,train
4977,train
4979,train
4980,train
4984,train
4987,train
4988,train
4989,train
4993,train
4994,train
4995,train
4996,train
4997,train
4998,train
4999,train
5000,train
5002,train
5003,train
5004,train
5005,train
5009,train
5010,train
5011,train
5012,train
5013,train
5014,train
5015,train
5016,train
5017,train
5018,train
5020,train
5021,train
5022,train
5023,train
5024,train
5025,train
5028,train
5030,train
5031,train
5032,train
5033,train
5034,train
5037,train
5038,train
5040,train
5042,train
5044,train
5045,train
5050,train
5051,train
5052,train
5053,train
5055,train
5057,train
5058,train
5060,train
5061,train
5062,train
5063,train
5064,train
5065,train
5066,train
5067,train
5068,train
5070,train
5071,train
5072,train
5073,train
5074,train
5075,train
5076,train
5077,train
5078,train
5080,train
5081,train
5083,train
5085,train
5086,train
5087,train
5088,train
5089,train
5090,train
5091,train
5092,train
5093,train
5094,train
5096,train
5098,train
5100,train
5103,train
5104,train
5105,train
5106,train
5107,train
5110,train
5111,train
5112,train
5113,train
5114,train
5117,train
5118,train
5119,train
5120,train
5123,train
5125,train
5126,train
5127,train
5130,train
5131,train
5132,train
5133,train
5135,train
5137,train
5138,train
5141,train
5142,train
5143,train
5144,train
5145,train
5146,train
5147,train
5148,train
5150,train
5151,train
5152,train
5153,train
5154,train
5155,train
5157,train
5159,train
5160,train
5162,train
5163,train
5165,train
5166,train
5167,train
5168,train
5169,train
5170,train
5171,train
5172,train
5174,train
5176,train
5177,train
5178,train
5179,train
5180,train
5181,train
5183,train
5185,train
5186,train
5188,train
5189,train
5190,train
5191,train
5192,train
5193,train
5194,train
5195,train
5198,train
5201,train
5204,train
5205,train
5206,train
5207,train
5208,train
5209,train
5210,train
5213,train
5218,train
5224,train
5225,train
5229,train
5230,train
5231,train
5232,train
5233,train
5234,train
5235,train
5236,train
5238,train
5239,train
5240,train
5241,train
5242,train
5243,train
5244,train
5245,train
5247,train
5248,train
5249,train
5250,train
5251,train
5254,train
5255,train
5256,train
5257,train
5258,train
5259,train
5260,train
5262,train
5263,train
5264,train
5265,train
5266,train
5268,train
5269,train
5270,train
5271,train
5272,train
5273,train
5274,train
5275,train
5277,train
5278,train
5279,train
5280,train
5281,train
5282,train
5284,train
5288,train
5289,train
5290,train
5292,train
5293,train
5294,train
5295,train
5296,train
5298,train
5299,train
5300,train
5301,train
5302,train
5303,train
5304,train
5306,train
5307,train
5308,train
5310,train
5311,train
5312,train
5314,train
5315,train
5316,train
5317,train
5318,train
5319,train
5320,train
5321,train
5322,train
5323,train
5324,train
5325,train
5327,train
5328,train
5329,train
5330,train
5331,train
5332,train
5334,train
5336,train
5337,train
5339,train
5341,train
5343,train
5345,train
5346,train
5348,train
5350,train
5351,train
5352,train
5353,train
5354,train
5356,train
5357,train
5358,train
5359,train
5360,train
5362,train
5363,train
5365,train
5366,train
5367,train
5368,train
5369,train
5370,train
5371,train
5372,train
5374,train
5375,train
5376,train
5377,train
5381,train
5382,train
5386,train
5388,train
5390,train
5391,train
5393,train
5396,train
5397,train
5398,train
5399,train
5401,train
5402,train
5403,train
5404,train
5405,train
5408,train
5409,train
5410,train
5411,train
5412,train
5413,train
5414,train
5416,train
5417,train
5418,train
5419,train
5420,train
5421,train
5422,train
5424,train
5425,train
5427,train
5429,train
5430,train
5431,train
5433,train
5435,train
5436,train
5439,train
5440,train
5442,train
5443,train
5444,train
5445,train
5446,train
5447,train
5448,train
5449,train
5451,train
5452,train
5453,train
5455,train
5458,train
5459,train
5460,train
5463,train
5464,train
5466,train
5468,train
5469,train
5470,train
5471,train
5472,train
5474,train
5477,train
5480,train
5481,train
5482,train
5483,train
5484,train
5485,train
5486,train
5487,train
5488,train
5489,train
5491,train
5492,train
5493,train
5494,train
5495,train
5496,train
5499,train
5500,train
5503,train
5504,train
5507,train
5508,train
5509,train
5510,train
5515,train
5516,train
5517,train
5518,train
5519,train
5520,train
5521,train
5522,train
5523,train
5525,train
5526,train
5527,train
5529,train
5530,train
5531,train
5532,train
5535,train
5538,train
5539,train
5540,train
5542,train
5543,train
5544,train
5545,train
5547,train
5550,train
5551,train
5553,train
5555,train
5558,train
5559,train
5560,train
5561,train
5563,train
5564,train
5566,train
5567,train
5568,train
5569,train
5570,train
5572,train
5575,train
5576,train
5578,train
5580,train
5581,train
5582,train
5583,train
5584,train
5586,train
5587,train
5589,train
5590,train
5591,train
5592,train
5593,train
5594,train
5595,train
5598,train
5600,train
5601,train
5603,train
5604,train
5606,train
5607,train
5608,train
5609,train
5610,train
5614,train
5616,train
5617,train
5618,train
5619,train
5620,train
5623,train
5625,train
5626,train
5627,train
5630,train
5631,train
5632,train
5633,train
5634,train
5635,train
5636,train
5637,train
5638,train
5639,train
5640,train
5642,train
5643,train
5644,train
5645,train
5646,train
5647,train
5649,train
5650,train
5651,train
5652,train
5653,train
5654,train
5656,train
5657,train
5661,train
5662,train
5664,train
5665,train
5668,train
5669,train
5670,train
5671,train
5673,train
5674,train
5675,train
5676,train
5677,train
5678,train
5681,train
5682,train
5683,train
5684,train
5685,train
5687,train
5688,train
5690,train
5691,train
5692,train
5693,train
5694,train
5695,train
5696,train
5697,train
5699,train
5700,train
5701,train
5702,train
5703,train
5705,train
5709,train
5711,train
5714,train
5715,train
5717,train
5718,train
5720,train
5722,train
5723,train
5724,train
5725,train
5726,train
5727,train
5729,train
5730,train
5731,train
5732,train
5734,train
5735,train
5736,train
5737,train
5739,train
5740,train
5741,train
5742,train
5744,train
5745,train
5746,train
5748,train
5749,train
5751,train
5752,train
5753,train
5754,train
5756,train
5757,train
5758,train
5759,train
5760,train
5761,train
5762,train
5765,train
5766,train
5767,train
5769,train
5770,train
5773,train
5774,train
5775,train
5776,train
5777,train
5779,train
5780,train
5782,train
5783,train
5785,train
5787,train
5788,train
5789,train
5790,train
5791,train
5792,train
5793,train
5794,train
5795,train
5796,train
5797,train
5798,train
5799,train
5801,train
5802,train
5803,train
5806,train
5807,train
5808,train
5809,train
5810,train
5811,train
5812,train
5813,train
5814,train
5817,train
5818,train
5819,train
5820,train
5821,train
5822,train
5823,train
5824,train
5826,train
5827,train
5829,train
5830,train
5831,train
5832,train
5833,train
5834,train
5835,train
5836,train
5838,train
5840,train
5841,train
5846,train
5847,train
5848,train
5849,train
5850,train
5851,train
5852,train
5853,train
5855,train
5856,train
5858,train
5862,train
5864,train
5867,train
5868,train
5869,train
5870,train
5871,train
5873,train
5874,train
5875,train
5877,train
5878,train
5879,train
5882,train
5883,train
5885,train
5886,train
5888,train
5890,train
5891,train
5892,train
5893,train
5894,train
5895,train
5896,train
5897,train
5898,train
5899,train
5900,train
5901,train
5903,train
5904,train
5905,train
5906,train
5907,train
5908,train
5910,train
5911,train
5913,train
5914,train
5915,train
5917,train
5918,train
5919,train
5920,train
5921,train
5922,train
5923,train
5925,train
5927,train
5931,train
5932,train
5933,train
5934,train
5935,train
5936,train
5937,train
5940,train
5942,train
5943,train
5945,train
5946,train
5947,train
5948,train
5949,train
5950,train
5951,train
5952,train
5956,train
5958,train
5959,train
5960,train
5961,train
5962,train
5963,train
5964,train
5965,train
5966,train
5967,train
5968,train
5969,train
5970,train
5973,train
5974,train
5975,train
5977,train
5978,train
5979,train
5982,train
5984,train
5985,train
5986,train
5987,train
5988,train
5989,train
5991,train
5992,train
5993,train
5994,train
5995,train
5996,train
5997,train
5998,train
5999,train
6000,train
6002,train
6006,train
6007,train
6010,train
6011,train
6013,train
6016,train
6017,train
6018,train
6019,train
6021,train
6022,train
6024,train
6026,train
6027,train
6028,train
6029,train
6031,train
6032,train
6033,train
6034,train
6035,train
6037,train
6039,train
6041,train
6042,train
6043,train
6044,train
6045,train
6047,train
6048,train
6051,train
6052,train
6054,train
6055,train
6056,train
6057,train
6058,train
6059,train
6060,train
6061,train
6062,train
6063,train
6064,train
6065,train
6066,train
6067,train
6069,train
6072,train
6074,train
6075,train
6076,train
6077,train
6078,train
6079,train
6080,train
6083,train
6084,train
6087,train
6089,train
6090,train
6091,train
6093,train
6094,train
6096,train
6097,train
6098,train
6099,train
6100,train
6101,train
6102,train
6103,train
6104,train
6105,train
6106,train
6107,train
6108,train
6110,train
6111,train
6114,train
6115,train
6116,train
6117,train
6118,train
6119,train
6122,train
6123,train
6124,train
6125,train
6126,train
6130,train
6131,train
6132,train
6133,train
6134,train
6136,train
6138,train
6141,train
6142,train
6143,train
6144,train
6145,train
6147,train
6148,train
6151,train
6153,train
6154,train
6155,train
6156,train
6157,train
6159,train
6160,train
6161,train
6162,train
6163,train
6164,train
6166,train
6167,train
6168,train
6169,train
6172,train
6173,train
6174,train
6175,train
6176,train
6177,train
6178,train
6179,train
6180,train
6181,train
6183,train
6184,train
6185,train
6186,train
6190,train
6191,train
6192,train
6193,train
6194,train
6195,train
6196,train
6198,train
6200,train
6201,train
6202,train
6206,train
6208,train
6209,train
6210,train
6211,train
6212,train
6213,train
6214,train
6218,train
6219,train
6220,train
6221,train
6222,train
6223,train
6227,train
6228,train
6229,train
6230,train
6231,train
6232,train
6233,train
6234,train
6237,train
6239,train
6241,train
6242,train
6243,train
6244,train
6246,train
6247,train
6248,train
6249,train
6250,train
6251,train
6252,train
6255,train
6256,train
6257,train
6258,train
6260,train
6261,train
6262,train
6263,train
6264,train
6265,train
6270,train
6271,train
6274,train
6275,train
6276,train
6278,train
6280,train
6283,train
6284,train
6285,train
6287,train
6288,train
6289,train
6291,train
6294,train
6295,train
6296,train
6297,train
6298,train
6299,train
6300,train
6301,train
6302,train
6303,train
6304,train
6305,train
6307,train
6308,train
6311,train
6312,train
6313,train
6314,train
6315,train
6316,train
6318,train
6319,train
6321,train
6322,train
6323,train
6324,train
6325,train
6327,train
6328,train
6331,train
6334,train
6336,train
6337,train
6338,train
6339,train
6340,train
6341,train
6343,train
6345,train
6346,train
6347,train
6348,train
6349,train
6350,train
6351,train
6352,train
6354,train
6358,train
6359,train
6360,train
6361,train
6362,train
6364,train
6365,train
6366,train
6368,train
6369,train
6370,train
6371,train
6372,train
6373,train
6374,train
6375,train
6376,train
6377,train
6381,train
6382,train
6383,train
6384,train
6385,train
6386,train
6388,train
6390,train
6392,train
6394,train
6395,train
6397,train
6398,train
6402,train
6403,train
6404,train
6406,train
6407,train
6408,train
6410,train
6411,train
6412,train
6413,train
6414,train
6415,train
6416,train
6417,train
6418,train
6421,train
6422,train
6424,train
6427,train
6430,train
6431,train
6433,train
6437,train
6438,train
6439,train
6442,train
6444,train
6445,train
6446,train
6447,train
6448,train
6449,train
6451,train
6452,train
6455,train
6457,train
6458,train
6459,train
6460,train
6462,train
6466,train
6467,train
6468,train
6469,train
6470,train
6471,train
6472,train
6473,train
6474,train
6475,train
6476,train
6477,train
6480,train
6482,train
6485,train
6486,train
6487,train
6488,train
6490,train
6491,train
6492,train
6494,train
6495,train
6496,train
6498,train
6500,train
6501,train
6502,train
6507,train
6508,train
6510,train
6511,train
6512,train
6513,train
6514,train
6515,train
6516,train
6517,train
6518,train
6519,train
6520,train
6521,train
6522,train
6523,train
6524,train
6525,train
6526,train
6531,train
6533,train
6534,train
6536,train
6537,train
6538,train
6540,train
6541,train
6542,train
6543,train
6544,train
6545,train
6546,train
6547,train
6549,train
6551,train
6554,train
6556,train
6557,train
6558,train
6559,train
6560,train
6561,train
6562,train
6564,train
6565,train
6567,train
6568,train
6569,train
6570,train
6571,train
6572,train
6573,train
6574,train
6575,train
6576,train
6578,train
6579,train
6580,train
6581,train
6582,train
6583,train
6584,train
6585,train
6586,train
6587,train
6588,train
6589,train
6591,train
6592,train
6593,train
6594,train
6595,train
6596,train
6598,train
6599,train
6600,train
6602,train
6604,train
6606,train
6607,train
6608,train
6609,train
6611,train
6612,train
6615,train
6616,train
6617,train
6618,train
6619,train
6620,train
6622,train
6623,train
6624,train
6625,train
6627,train
6628,train
6630,train
6631,train
6637,train
6638,train
6639,train
6640,train
6641,train
6642,train
6643,train
6644,train
6645,train
6646,train
6648,train
6650,train
6652,train
6653,train
6654,train
6655,train
6656,train
6657,train
6658,train
6659,train
6660,train
6661,train
6662,train
6665,train
6666,train
6667,train
6668,train
6669,train
6670,train
6671,train
6672,train
6674,train
6675,train
6676,train
6678,train
6679,train
6681,train
6682,train
6684,train
6685,train
6686,train
6687,train
6688,train
6690,train
6693,train
6694,train
6695,train
6696,train
6697,train
6700,train
6701,train
6703,train
6704,train
6707,train
6708,train
6710,train
6711,train
6714,train
6715,train
6716,train
6717,train
6719,train
6720,train
6722,train
6723,train
6724,train
6728,train
6729,train
6730,train
6732,train
6733,train
6734,train
6735,train
6736,train
6737,train
6738,train
6739,train
6740,train
6744,train
6748,train
6749,train
6750,train
6751,train
6752,train
6753,train
6755,train
6756,train
6757,train
6758,train
6763,train
6764,train
6765,train
6766,train
6767,train
6768,train
6769,train
6771,train
6772,train
6774,train
6775,train
6776,train
6777,train
6778,train
6781,train
6782,train
6783,train
6785,train
6786,train
6787,train
6788,train
6790,train
6791,train
6792,train
6793,train
6794,train
6795,train
6796,train
6797,train
6799,train
6801,train
6802,train
6804,train
6805,train
6806,train
6807,train
6808,train
6809,train
6810,train
6812,train
6813,train
6815,train
6817,train
6818,train
6819,train
6820,train
6822,train
6823,train
6824,train
6826,train
6828,train
6829,train
6830,train
6831,train
6832,train
6833,train
6834,train
6835,train
6838,train
6839,train
6840,train
6841,train
6842,train
6843,train
6844,train
6845,train
6846,train
6847,train
6849,train
6850,train
6851,train
6852,train
6853,train
6854,train
6855,train
6856,train
6857,train
6859,train
6860,train
6861,train
6865,train
6867,train
6868,train
6870,train
6872,train
6875,train
6876,train
6878,train
6879,train
6881,train
6882,train
6883,train
6884,train
6885,train
6890,train
6891,train
6892,train
6895,train
6896,train
6898,train
6899,train
6901,train
6902,train
6904,train
6906,train
6909,train
6911,train
6914,train
6916,train
6918,train
6921,train
6923,train
6924,train
6925,train
6927,train
6928,train
6929,train
6930,train
6931,train
6932,train
6933,train
6937,train
6938,train
6939,train
6941,train
6942,train
6943,train
6944,train
6946,train
6948,train
6950,train
6951,train
6953,train
6954,train
6955,train
6956,train
6959,train
6960,train
6961,train
6962,train
6963,train
6964,train
6967,train
6968,train
6969,train
6970,train
6972,train
6974,train
6975,train
6976,train
6977,train
6980,train
6982,train
6983,train
6985,train
6986,train
6987,train
6988,train
6989,train
6990,train
6992,train
6993,train
6994,train
6996,train
6997,train
6998,train
7000,train
7001,train
7003,train
7004,train
7005,train
7006,train
7007,train
7008,train
7009,train
7010,train
7011,train
7012,train
7014,train
7015,train
7017,train
7019,train
7020,train
7021,train
7022,train
7026,train
7027,train
7028,train
7029,train
7032,train
7033,train
7035,train
7037,train
7038,train
7039,train
7041,train
7042,train
7044,train
7045,train
7046,train
7047,train
7049,train
7051,train
7052,train
7053,train
7054,train
7056,train
7058,train
7059,train
7060,train
7061,train
7062,train
7065,train
7066,train
7068,train
7069,train
7070,train
7073,train
7075,train
7076,train
7079,train
7080,train
7081,train
7083,train
7085,train
7087,train
7088,train
7089,train
7090,train
7091,train
7094,train
7096,train
7097,train
7098,train
7099,train
7100,train
7101,train
7102,train
7106,train
7107,train
7109,train
7111,train
7115,train
7116,train
7120,train
7121,train
7122,train
7123,train
7124,train
7125,train
7126,train
7127,train
7128,train
7129,train
7130,train
7131,train
7132,train
7133,train
7134,train
7135,train
7136,train
7138,train
7140,train
7141,train
7142,train
7143,train
7144,train
7145,train
7146,train
7147,train
7148,train
7149,train
7150,train
7151,train
7152,train
7154,train
7155,train
7156,train
7157,train
7158,train
7159,train
7160,train
7161,train
7162,train
7163,train
7164,train
7165,train
7167,train
7168,train
7169,train
7170,train
7171,train
7172,train
7173,train
7174,train
7177,train
7178,train
7180,train
7181,train
7182,train
7183,train
7184,train
7186,train
7187,train
7188,train
7189,train
7190,train
7193,train
7194,train
7195,train
7196,train
7197,train
7198,train
7200,train
7201,train
7203,train
7204,train
7205,train
7207,train
7208,train
7209,train
7212,train
7214,train
7215,train
7216,train
7217,train
7219,train
7220,train
7223,train
7225,train
7228,train
7230,train
7231,train
7232,train
7234,train
7235,train
7236,train
7237,train
7239,train
7240,train
7241,train
7243,train
7244,train
7245,train
7246,train
7247,train
7248,train
7249,train
7251,train
7253,train
7254,train
7255,train
7257,train
7260,train
7261,train
7263,train
7264,train
7266,train
7267,train
7270,train
7271,train
7272,train
7273,train
7274,train
7275,train
7276,train
7277,train
7281,train
7282,train
7283,train
7284,train
7285,train
7286,train
7287,train
7288,train
7290,train
7291,train
7292,train
7293,train
7295,train
7296,train
7298,train
7299,train
7300,train
7301,train
7305,train
7308,train
7309,train
7310,train
7311,train
7312,train
7313,train
7314,train
7315,train
7316,train
7317,train
7321,train
7322,train
7323,train
7324,train
7325,train
7327,train
7328,train
7329,train
7330,train
7333,train
7334,train
7335,train
7337,train
7339,train
7343,train
7344,train
7345,train
7346,train
7348,train
7350,train
7351,train
7352,train
7353,train
7355,train
7356,train
7357,train
7358,train
7360,train
7361,train
7362,train
7363,train
7366,train
7367,train
7368,train
7370,train
7371,train
7372,train
7374,train
7379,train
7380,train
7381,train
7382,train
7383,train
7385,train
7387,train
7388,train
7390,train
7391,train
7392,train
7393,train
7394,train
7395,train
7397,train
7399,train
7400,train
7401,train
7402,train
7403,train
7405,train
7407,train
7408,train
7409,train
7410,train
7411,train
7412,train
7414,train
7415,train
7416,train
7417,train
7419,train
7420,train
7421,train
7423,train
7424,train
7426,train
7427,train
7430,train
7431,train
7433,train
7434,train
7436,train
7437,train
7438,train
7441,train
7442,train
7444,train
7445,train
7447,train
7453,train
7454,train
7455,train
7456,train
7458,train
7459,train
7462,train
7463,train
7464,train
7465,train
7466,train
7471,train
7472,train
7474,train
7477,train
7479,train
7480,train
7481,train
7483,train
7484,train
7486,train
7487,train
7488,train
7490,train
7491,train
7492,train
7493,train
7494,train
7495,train
7499,train
7502,train
7505,train
7507,train
7508,train
7510,train
7511,train
7512,train
7513,train
7517,train
7518,train
7519,train
7521,train
7523,train
7524,train
7525,train
7526,train
7527,train
7528,train
7529,train
7530,train
7532,train
7533,train
7534,train
7536,train
7538,train
7541,train
7542,train
7545,train
7547,train
7548,train
7549,train
7550,train
7551,train
7552,train
7553,train
7555,train
7560,train
7561,train
7563,train
7564,train
7565,train
7567,train
7569,train
7571,train
7576,train
7577,train
7578,train
7579,train
7581,train
7584,train
7585,train
7587,train
7588,train
7589,train
7590,train
7591,train
7592,train
7593,train
7594,train
7596,train
7597,train
7598,train
7599,train
7602,train
7604,train
7605,train
7606,train
7608,train
7610,train
7611,train
7612,train
7613,train
7614,train
7615,train
7616,train
7617,train
7618,train
7619,train
7620,train
7621,train
7622,train
7623,train
7624,train
7625,train
7626,train
7627,train
7630,train
7631,train
7632,train
7637,train
7638,train
7639,train
7640,train
7641,train
7642,train
7643,train
7644,train
7645,train
7646,train
7647,train
7649,train
7650,train
7652,train
7653,train
7655,train
7657,train
7658,train
7659,train
7660,train
7661,train
7662,train
7663,train
7665,train
7667,train
7671,train
7674,train
7675,train
7676,train
7677,train
7679,train
7680,train
7681,train
7682,train
7684,train
7685,train
7686,train
7687,train
7688,train
7689,train
7690,train
7692,train
7693,train
7694,train
7695,train
7696,train
7698,train
7700,train
7701,train
7702,train
7703,train
7704,train
7705,train
7706,train
7707,train
7708,train
7711,train
7712,train
7713,train
7715,train
7716,train
7717,train
7718,train
7719,train
7720,train
7721,train
7722,train
7724,train
7727,train
7728,train
7729,train
7731,train
7733,train
7734,train
7735,train
7736,train
7737,train
7738,train
7741,train
7742,train
7743,train
7745,train
7750,train
7751,train
7753,train
7755,train
7757,train
7759,train
7761,train
7762,train
7763,train
7766,train
7767,train
7771,train
7772,train
7774,train
7775,train
7776,train
7777,train
7778,train
7779,train
7783,train
7784,train
7785,train
7787,train
7788,train
7789,train
7790,train
7795,train
7796,train
7797,train
7798,train
7799,train
7803,train
7804,train
7805,train
7806,train
7808,train
7809,train
7812,train
7813,train
7814,train
7815,train
7816,train
7817,train
7818,train
7819,train
7820,train
7821,train
7823,train
7824,train
7825,train
7826,train
7830,train
7831,train
7833,train
7834,train
7835,train
7836,train
7837,train
7838,train
7839,train
7842,train
7844,train
7845,train
7846,train
7847,train
7848,train
7849,train
7850,train
7851,train
7852,train
7853,train
7854,train
7855,train
7856,train
7857,train
7858,train
7859,train
7860,train
7861,train
7862,train
7863,train
7864,train
7865,train
7866,train
7867,train
7868,train
7869,train
7870,train
7871,train
7872,train
7873,train
7874,train
7875,train
7877,train
7878,train
7879,train
7880,train
7882,train
7888,train
7892,train
7893,train
7895,train
7896,train
7897,train
7898,train
7900,train
7901,train
7903,train
7905,train
7906,train
7907,train
7908,train
7910,train
7911,train
7912,train
7913,train
7914,train
7916,train
7917,train
7920,train
7921,train
7922,train
7926,train
7927,train
7928,train
7929,train
7930,train
7931,train
7932,train
7934,train
7938,train
7939,train
7940,train
7942,train
7943,train
7944,train
7945,train
7946,train
7948,train
7949,train
7951,train
7952,train
7953,train
7954,train
7955,train
7957,train
7958,train
7959,train
7960,train
7961,train
7963,train
7964,train
7966,train
7968,train
7969,train
7971,train
7972,train
7973,train
7974,train
7976,train
7977,train
7978,train
7980,train
7981,train
7982,train
7984,train
7985,train
7988,train
7990,train
7992,train
7993,train
7994,train
7995,train
7997,train
8000,train
8001,train
8002,train
8003,train
8004,train
8005,train
8007,train
8008,train
8009,train
8010,train
8012,train
8013,train
8014,train
8015,train
8016,train
8018,train
8019,train
8020,train
8022,train
8025,train
8026,train
8027,train
8028,train
8029,train
8033,train
8034,train
8035,train
8036,train
8037,train
8039,train
8040,train
8041,train
8044,train
8045,train
8047,train
8050,train
8051,train
8053,train
8054,train
8055,train
8056,train
8057,train
8059,train
8060,train
8062,train
8063,train
8064,train
8065,train
8066,train
8067,train
8069,train
8070,train
8071,train
8072,train
8074,train
8076,train
8077,train
8078,train
8079,train
8080,train
8084,train
8085,train
8086,train
8087,train
8090,train
8091,train
8093,train
8094,train
8096,train
8097,train
8098,train
8099,train
8100,train
8101,train
8102,train
8104,train
8105,train
8107,train
8108,train
8109,train
8110,train
8111,train
8112,train
8113,train
8114,train
8115,train
8116,train
8118,train
8119,train
8121,train
8123,train
8124,train
8126,train
8127,train
8128,train
8129,train
8130,train
8131,train
8132,train
8135,train
8136,train
8139,train
8141,train
8143,train
8147,train
8149,train
8150,train
8151,train
8153,train
8155,train
8160,train
8161,train
8162,train
8163,train
8164,train
8166,train
8168,train
8169,train
8170,train
8173,train
8174,train
8175,train
8176,train
8177,train
8178,train
8180,train
8182,train
8183,train
8184,train
8186,train
8187,train
8190,train
8192,train
8193,train
8196,train
8199,train
8200,train
8202,train
8203,train
8205,train
8206,train
8208,train
8209,train
8210,train
8211,train
8213,train
8215,train
8216,train
8217,train
8218,train
8220,train
8221,train
8223,train
8224,train
8225,train
8227,train
8228,train
8229,train
8230,train
8231,train
8233,train
8234,train
8235,train
8236,train
8237,train
8238,train
8240,train
8244,train
8245,train
8246,train
8247,train
8248,train
8250,train
8251,train
8253,train
8254,train
8255,train
8258,train
8259,train
8260,train
8261,train
8262,train
8263,train
8264,train
8265,train
8266,train
8267,train
8269,train
8270,train
8272,train
8273,train
8274,train
8276,train
8277,train
8278,train
8279,train
8281,train
8284,train
8285,train
8286,train
8287,train
8288,train
8289,train
8290,train
8291,train
8292,train
8295,train
8299,train
8300,train
8302,train
8303,train
8304,train
8308,train
8309,train
8311,train
8312,train
8313,train
8314,train
8315,train
8316,train
8318,train
8321,train
8322,train
8323,train
8324,train
8325,train
8326,train
8328,train
8329,train
8330,train
8331,train
8332,train
8334,train
8335,train
8336,train
8337,train
8339,train
8343,train
8344,train
8347,train
8348,train
8350,train
8351,train
8353,train
8354,train
8357,train
8360,train
8362,train
8364,train
8366,train
8367,train
8368,train
8369,train
8372,train
8377,train
8379,train
8380,train
8381,train
8382,train
8383,train
8385,train
8386,train
8387,train
8389,train
8392,train
8393,train
8396,train
8397,train
8398,train
8400,train
8401,train
8402,train
8404,train
8405,train
8406,train
8407,train
8409,train
8411,train
8412,train
8413,train
8415,train
8416,train
8418,train
8419,train
8420,train
8421,train
8422,train
8423,train
8424,train
8425,train
8428,train
8429,train
8430,train
8431,train
8432,train
8433,train
8434,train
8435,train
8436,train
8438,train
8439,train
8442,train
8444,train
8445,train
8450,train
8451,train
8453,train
8454,train
8456,train
8458,train
8459,train
8462,train
8463,train
8464,train
8465,train
8466,train
8468,train
8469,train
8470,train
8472,train
8473,train
8474,train
8475,train
8476,train
8477,train
8478,train
8480,train
8482,train
8483,train
8484,train
8485,train
8487,train
8489,train
8491,train
8492,train
8494,train
8496,train
8498,train
8499,train
8500,train
8501,train
8502,train
8503,train
8504,train
8506,train
8507,train
8508,train
8510,train
8511,train
8512,train
8513,train
8516,train
8520,train
8521,train
8522,train
8523,train
8524,train
8525,train
8527,train
8528,train
8530,train
8532,train
8533,train
8534,train
8535,train
8536,train
8537,train
8538,train
8540,train
8541,train
8542,train
8543,train
8546,train
8547,train
8548,train
8549,train
8550,train
8551,train
8552,train
8554,train
8555,train
8556,train
8559,train
8560,train
8561,train
8563,train
8564,train
8565,train
8566,train
8567,train
8568,train
8569,train
8570,train
8572,train
8573,train
8574,train
8575,train
8577,train
8579,train
8580,train
8581,train
8583,train
8584,train
8585,train
8586,train
8587,train
8588,train
8589,train
8591,train
8593,train
8594,train
8596,train
8599,train
8600,train
8601,train
8602,train
8604,train
8606,train
8607,train
8608,train
8609,train
8610,train
8612,train
8613,train
8615,train
8619,train
8620,train
8621,train
8622,train
8624,train
8625,train
8626,train
8627,train
8628,train
8629,train
8631,train
8632,train
8633,train
8636,train
8637,train
8638,train
8639,train
8640,train
8641,train
8642,train
8643,train
8646,train
8647,train
8649,train
8653,train
8654,train
8655,train
8656,train
8657,train
8658,train
8659,train
8660,train
8661,train
8662,train
8663,train
8665,train
8667,train
8668,train
8669,train
8672,train
8676,train
8677,train
8678,train
8680,train
8681,train
8684,train
8686,train
8689,train
8692,train
8694,train
8695,train
8696,train
8698,train
8699,train
8700,train
8701,train
8702,train
8703,train
8704,train
8706,train
8707,train
8708,train
8709,train
8710,train
8712,train
8713,train
8715,train
8716,train
8717,train
8718,train
8719,train
8720,train
8721,train
8723,train
8724,train
8725,train
8726,train
8728,train
8729,train
8730,train
8731,train
8732,train
8733,train
8734,train
8736,train
8737,train
8738,train
8739,train
8741,train
8742,train
8745,train
8746,train
8747,train
8748,train
8749,train
8751,train
8753,train
8754,train
8756,train
8757,train
8759,train
8760,train
8761,train
8763,train
8767,train
8768,train
8769,train
8771,train
8772,train
8773,train
8775,train
8776,train
8777,train
8778,train
8779,train
8781,train
8782,train
8783,train
8784,train
8785,train
8786,train
8788,train
8789,train
8790,train
8791,train
8792,train
8793,train
8794,train
8795,train
8796,train
8797,train
8798,train
8799,train
8801,train
8803,train
8804,train
8805,train
8806,train
8807,train
8809,train
8810,train
8811,train
8812,train
8814,train
8815,train
8817,train
8818,train
8819,train
8821,train
8823,train
8824,train
8826,train
8827,train
8828,train
8829,train
8830,train
8831,train
8834,train
8837,train
8838,train
8839,train
8840,train
8841,train
8842,train
8843,train
8844,train
8846,train
8847,train
8848,train
8849,train
8850,train
8851,train
8852,train
8854,train
8855,train
8856,train
8859,train
8860,train
8861,train
8862,train
8865,train
8866,train
8870,train
8873,train
8875,train
8876,train
8877,train
8878,train
8879,train
8882,train
8883,train
8884,train
8885,train
8886,train
8888,train
8889,train
8892,train
8894,train
8895,train
8897,train
8898,train
8899,train
8900,train
8901,train
8902,train
8904,train
8906,train
8907,train
8908,train
8910,train
8912,train
8913,train
8916,train
8917,train
8918,train
8919,train
8921,train
8922,train
8924,train
8927,train
8928,train
8931,train
8935,train
8936,train
8937,train
8938,train
8939,train
8940,train
8941,train
8944,train
8946,train
8947,train
8948,train
8949,train
8950,train
8951,train
8952,train
8953,train
8954,train
8955,train
8956,train
8957,train
8958,train
8960,train
8961,train
8962,train
8963,train
8964,train
8965,train
8966,train
8968,train
8969,train
8971,train
8974,train
8976,train
8978,train
8981,train
8982,train
8983,train
8985,train
8986,train
8987,train
8988,train
8989,train
8990,train
8991,train
8992,train
8994,train
8995,train
8996,train
8997,train
8999,train
9002,train
9003,train
9005,train
9006,train
9008,train
9009,train
9010,train
9011,train
9012,train
9013,train
9014,train
9016,train
9017,train
9018,train
9019,train
9020,train
9022,train
9024,train
9025,train
9026,train
9027,train
9029,train
9030,train
9031,train
9032,train
9033,train
9034,train
9035,train
9036,train
9037,train
9038,train
9039,train
9040,train
9041,train
9042,train
9046,train
9047,train
9048,train
9050,train
9051,train
9054,train
9055,train
9056,train
9058,train
9060,train
9061,train
9063,train
9064,train
9065,train
9066,train
9067,train
9068,train
9069,train
9070,train
9071,train
9075,train
9076,train
9077,train
9078,train
9079,train
9080,train
9081,train
9082,train
9083,train
9085,train
9086,train
9088,train
9089,train
9093,train
9095,train
9096,train
9097,train
9098,train
9099,train
9102,train
9103,train
9104,train
9105,train
9106,train
9108,train
9109,train
9110,train
9111,train
9112,train
9113,train
9114,train
9116,train
9118,train
9119,train
9120,train
9121,train
9122,train
9123,train
9124,train
9127,train
9128,train
9129,train
9130,train
9132,train
9133,train
9134,train
9135,train
9136,train
9137,train
9138,train
9140,train
9141,train
9143,train
9147,train
9149,train
9151,train
9152,train
9156,train
9157,train
9158,train
9160,train
9161,train
9163,train
9165,train
9166,train
9167,train
9168,train
9169,train
9171,train
9172,train
9174,train
9175,train
9176,train
9178,train
9179,train
9181,train
9182,train
9183,train
9184,train
9185,train
9186,train
9187,train
9188,train
9191,train
9192,train
9194,train
9196,train
9197,train
9198,train
9199,train
9202,train
9204,train
9205,train
9206,train
9207,train
9208,train
9209,train
9212,train
9214,train
9217,train
9218,train
9219,train
9220,train
9221,train
9222,train
9224,train
9225,train
9226,train
9227,train
9228,train
9229,train
9230,train
9231,train
9232,train
9235,train
9236,train
9237,train
9238,train
9239,train
9240,train
9242,train
9244,train
9248,train
9252,train
9256,train
9257,train
9258,train
9259,train
9260,train
9261,train
9262,train
9263,train
9264,train
9265,train
9266,train
9269,train
9270,train
9272,train
9273,train
9275,train
9276,train
9277,train
9278,train
9279,train
9280,train
9281,train
9282,train
9284,train
9289,train
9290,train
9291,train
9293,train
9298,train
9302,train
9303,train
9304,train
9306,train
9307,train
9308,train
9309,train
9311,train
9312,train
9313,train
9314,train
9315,train
9317,train
9318,train
9319,train
9320,train
9322,train
9323,train
9324,train
9325,train
9326,train
9327,train
9328,train
9331,train
9332,train
9333,train
9334,train
9336,train
9337,train
9339,train
9340,train
9341,train
9342,train
9343,train
9344,train
9345,train
9346,train
9347,train
9348,train
9352,train
9353,train
9354,train
9355,train
9356,train
9357,train
9358,train
9360,train
9362,train
9365,train
9366,train
9368,train
9369,train
9370,train
9372,train
9373,train
9374,train
9375,train
9377,train
9378,train
9379,train
9380,train
9382,train
9383,train
9384,train
9386,train
9387,train
9388,train
9389,train
9390,train
9394,train
9395,train
9396,train
9398,train
9399,train
9400,train
9401,train
9403,train
9405,train
9406,train
9408,train
9409,train
9410,train
9411,train
9412,train
9413,train
9414,train
9416,train
9417,train
9418,train
9419,train
9420,train
9421,train
9423,train
9426,train
9427,train
9429,train
9430,train
9431,train
9432,train
9433,train
9434,train
9436,train
9437,train
9438,train
9439,train
9440,train
9443,train
9444,train
9446,train
9448,train
9449,train
9450,train
9451,train
9455,train
9456,train
9457,train
9458,train
9459,train
9460,train
9461,train
9462,train
9463,train
9465,train
9466,train
9467,train
9469,train
9470,train
9471,train
9472,train
9473,train
9475,train
9476,train
9477,train
9479,train
9480,train
9482,train
9484,train
9485,train
9487,train
9488,train
9489,train
9491,train
9493,train
9494,train
9495,train
9497,train
9498,train
9499,train
9500,train
9504,train
9505,train
9506,train
9507,train
9509,train
9510,train
9511,train
9512,train
9515,train
9516,train
9517,train
9519,train
9520,train
9522,train
9523,train
9524,train
9525,train
9526,train
9529,train
9530,train
9532,train
9534,train
9536,train
9538,train
9540,train
9541,train
9542,train
9544,train
9545,train
9546,train
9547,train
9548,train
9552,train
9553,train
9554,train
9555,train
9557,train
9558,train
9559,train
9560,train
9561,train
9563,train
9567,train
9570,train
9571,train
9573,train
9575,train
9578,train
9580,train
9581,train
9582,train
9583,train
9584,train
9587,train
9588,train
9589,train
9590,train
9591,train
9592,train
9593,train
9595,train
9596,train
9597,train
9598,train
9601,train
9602,train
9603,train
9604,train
9605,train
9606,train
9610,train
9611,train
9612,train
9613,train
9616,train
9617,train
9618,train
9619,train
9623,train
9624,train
9628,train
9629,train
9634,train
9635,train
9636,train
9637,train
9638,train
9639,train
9642,train
9644,train
9646,train
9648,train
9650,train
9651,train
9652,train
9653,train
9655,train
9656,train
9658,train
9659,train
9661,train
9662,train
9663,train
9664,train
9665,train
9666,train
9667,train
9668,train
9670,train
9671,train
9672,train
9673,train
9674,train
9676,train
9678,train
9679,train
9681,train
9683,train
9684,train
9685,train
9687,train
9691,train
9692,train
9693,train
9695,train
9696,train
9697,train
9698,train
9699,train
9700,train
9701,train
9702,train
9704,train
9706,train
9707,train
9709,train
9710,train
9711,train
9712,train
9713,train
9714,train
9715,train
9716,train
9717,train
9718,train
9719,train
9720,train
9721,train
9722,train
9724,train
9725,train
9726,train
9727,train
9728,train
9730,train
9731,train
9732,train
9733,train
9734,train
9735,train
9736,train
9738,train
9739,train
9740,train
9741,train
9742,train
9743,train
9744,train
9745,train
9746,train
9747,train
9748,train
9749,train
9750,train
9752,train
9753,train
9754,train
9755,train
9756,train
9757,train
9758,train
9760,train
9761,train
9762,train
9763,train
9764,train
9765,train
9766,train
9767,train
9768,train
9769,train
9770,train
9771,train
9773,train
9776,train
9777,train
9778,train
9779,train
9780,train
9782,train
9783,train
9784,train
9785,train
9786,train
9787,train
9789,train
9790,train
9793,train
9794,train
9795,train
9796,train
9798,train
9799,train
9800,train
9801,train
9803,train
9804,train
9805,train
9806,train
9807,train
9809,train
9810,train
9811,train
9812,train
9813,train
9814,train
9815,train
9817,train
9818,train
9819,train
9820,train
9821,train
9822,train
9824,train
9826,train
9827,train
9828,train
9829,train
9830,train
9831,train
9832,train
9834,train
9835,train
9836,train
9837,train
9838,train
9840,train
9844,train
9845,train
9847,train
9848,train
9849,train
9851,train
9852,train
9853,train
9854,train
9855,train
9856,train
9857,train
9859,train
9860,train
9861,train
9862,train
9863,train
9864,train
9865,train
9867,train
9868,train
9869,train
9871,train
9872,train
9875,train
9877,train
9878,train
9879,train
9880,train
9882,train
9883,train
9884,train
9885,train
9886,train
9887,train
9889,train
9891,train
9892,train
9894,train
9896,train
9897,train
9900,train
9901,train
9902,train
9904,train
9908,train
9910,train
9911,train
9912,train
9913,train
9915,train
9916,train
9918,train
9920,train
9922,train
9923,train
9924,train
9925,train
9926,train
9927,train
9932,train
9934,train
9935,train
9936,train
9938,train
9939,train
9942,train
9944,train
9945,train
9946,train
9948,train
9950,train
9951,train
9952,train
9954,train
9955,train
9957,train
9958,train
9959,train
9960,train
9963,train
9964,train
9965,train
9967,train
9968,train
9969,train
9970,train
9971,train
9973,train
9974,train
9975,train
9976,train
9978,train
9979,train
9980,train
9981,train
9982,train
9983,train
9984,train
9986,train
9987,train
9989,train
9991,train
9994,train
9995,train
9996,train
9997,train
9998,train
9999,train
10001,train
10002,train
10003,train
10004,train
10005,train
10006,train
10007,train
10008,train
10009,train
10010,train
10011,train
10012,train
10015,train
10016,train
10017,train
10018,train
10021,train
10022,train
10023,train
10026,train
10028,train
10029,train
10030,train
10033,train
10034,train
10035,train
10038,train
10039,train
10040,train
10041,train
10042,train
10043,train
10045,train
10047,train
10049,train
10053,train
10055,train
10056,train
10057,train
10058,train
10059,train
10061,train
10062,train
10063,train
10065,train
10066,train
10067,train
10068,train
10070,train
10071,train
10072,train
10073,train
10074,train
10075,train
10077,train
10078,train
10080,train
10081,train
10082,train
10085,train
10086,train
10087,train
10089,train
10090,train
10092,train
10094,train
10096,train
10097,train
10098,train
10101,train
10102,train
10103,train
10104,train
10105,train
10106,train
10107,train
10108,train
10109,train
10110,train
10111,train
10112,train
10113,train
10114,train
10115,train
10116,train
10117,train
10118,train
10119,train
10120,train
10121,train
10122,train
10123,train
10124,train
10126,train
10127,train
10130,train
10133,train
10134,train
10136,train
10137,train
10138,train
10140,train
10141,train
10142,train
10143,train
10144,train
10146,train
10147,train
10148,train
10149,train
10150,train
10151,train
10152,train
10154,train
10155,train
10156,train
10157,train
10158,train
10159,train
10160,train
10161,train
10162,train
10163,train
10164,train
10165,train
10166,train
10168,train
10169,train
10173,train
10174,train
10175,train
10177,train
10178,train
10179,train
10180,train
10181,train
10182,train
10184,train
10185,train
10186,train
10187,train
10188,train
10190,train
10191,train
10194,train
10195,train
10196,train
10197,train
10198,train
10199,train
10200,train
10201,train
10202,train
10203,train
10205,train
10208,train
10210,train
10212,train
10214,train
10215,train
10216,train
10217,train
10218,train
10219,train
10220,train
10221,train
10222,train
10223,train
10224,train
10226,train
10229,train
10230,train
10231,train
10233,train
10234,train
10235,train
10237,train
10238,train
10239,train
10240,train
10241,train
10244,train
10246,train
10247,train
10249,train
10250,train
10251,train
10252,train
10253,train
10254,train
10255,train
10256,train
10258,train
10259,train
10260,train
10263,train
10265,train
10266,train
10267,train
10268,train
10269,train
10271,train
10274,train
10275,train
10276,train
10278,train
10279,train
10280,train
10281,train
10284,train
10285,train
10287,train
10289,train
10290,train
10291,train
10292,train
10293,train
10294,train
10295,train
10296,train
10297,train
10299,train
10300,train
10302,train
10303,train
10305,train
10307,train
10308,train
10309,train
10310,train
10311,train
10312,train
10313,train
10314,train
10315,train
10316,train
10318,train
10319,train
10320,train
10321,train
10322,train
10326,train
10328,train
10330,train
10331,train
10332,train
10335,train
10336,train
10337,train
10339,train
10340,train
10342,train
10344,train
10345,train
10346,train
10348,train
10350,train
10351,train
10356,train
10358,train
10359,train
10362,train
10363,train
10364,train
10367,train
10368,train
10369,train
10373,train
10374,train
10375,train
10376,train
10378,train
10379,train
10380,train
10381,train
10384,train
10385,train
10386,train
10387,train
10388,train
10389,train
10391,train
10392,train
10394,train
10395,train
10396,train
10397,train
10400,train
10401,train
10402,train
10403,train
10404,train
10405,train
10406,train
10408,train
10410,train
10411,train
10412,train
10413,train
10415,train
10416,train
10418,train
10420,train
10421,train
10424,train
10426,train
10427,train
10428,train
10431,train
10433,train
10434,train
10435,train
10437,train
10439,train
10440,train
10442,train
10443,train
10444,train
10447,train
10448,train
10450,train
10451,train
10452,train
10453,train
10454,train
10455,train
10456,train
10457,train
10458,train
10459,train
10461,train
10462,train
10465,train
10467,train
10468,train
10469,train
10471,train
10472,train
10473,train
10474,train
10475,train
10478,train
10479,train
10480,train
10481,train
10482,train
10483,train
10484,train
10485,train
10486,train
10487,train
10489,train
10490,train
10491,train
10493,train
10495,train
10498,train
10499,train
10500,train
10501,train
10503,train
10506,train
10509,train
10511,train
10514,train
10515,train
10517,train
10518,train
10519,train
10522,train
10523,train
10524,train
10525,train
10527,train
10528,train
10529,train
10530,train
10531,train
10533,train
10535,train
10536,train
10537,train
10538,train
10539,train
10540,train
10542,train
10543,train
10547,train
10548,train
10549,train
10551,train
10552,train
10553,train
10554,train
10555,train
10556,train
10558,train
10559,train
10560,train
10562,train
10564,train
10566,train
10567,train
10568,train
10571,train
10572,train
10577,train
10578,train
10579,train
10580,train
10583,train
10584,train
10585,train
10586,train
10587,train
10588,train
10589,train
10590,train
10593,train
10594,train
10595,train
10596,train
10597,train
10600,train
10602,train
10603,train
10604,train
10605,train
10606,train
10607,train
10608,train
10610,train
10611,train
10612,train
10613,train
10615,train
10616,train
10617,train
10618,train
10620,train
10621,train
10622,train
10623,train
10624,train
10626,train
10627,train
10628,train
10630,train
10632,train
10633,train
10634,train
10635,train
10636,train
10637,train
10638,train
10640,train
10641,train
10642,train
10643,train
10644,train
10645,train
10646,train
10647,train
10648,train
10650,train
10652,train
10653,train
10654,train
10655,train
10656,train
10658,train
10659,train
10660,train
10661,train
10662,train
10663,train
10664,train
10665,train
10666,train
10667,train
10669,train
10670,train
10673,train
10674,train
10675,train
10678,train
10679,train
10680,train
10681,train
10683,train
10684,train
10685,train
10686,train
10687,train
10688,train
10693,train
10694,train
10695,train
10696,train
10699,train
10700,train
10701,train
10702,train
10703,train
10704,train
10705,train
10706,train
10707,train
10708,train
10709,train
10711,train
10712,train
10713,train
10714,train
10716,train
10717,train
10718,train
10721,train
10724,train
10725,train
10726,train
10727,train
10728,train
10729,train
10730,train
10731,train
10732,train
10733,train
10734,train
10735,train
10738,train
10739,train
10740,train
10741,train
10742,train
10743,train
10744,train
10745,train
10746,train
10749,train
10750,train
10751,train
10752,train
10753,train
10754,train
10755,train
10756,train
10757,train
10758,train
10759,train
10760,train
10761,train
10762,train
10763,train
10764,train
10767,train
10768,train
10770,train
10771,train
10772,train
10773,train
10774,train
10775,train
10776,train
10777,train
10778,train
10779,train
10780,train
10781,train
10783,train
10786,train
10787,train
10788,train
10790,train
10792,train
10793,train
10794,train
10795,train
10796,train
10797,train
10798,train
10799,train
10800,train
10801,train
10802,train
10803,train
10804,train
10805,train
10806,train
10807,train
10808,train
10809,train
10810,train
10812,train
10814,train
10815,train
10816,train
10817,train
10818,train
10820,train
10822,train
10823,train
10825,train
10826,train
10827,train
10829,train
10831,train
10832,train
10833,train
10834,train
10835,train
10836,train
10837,train
10838,train
10839,train
10843,train
10845,train
10846,train
10847,train
10848,train
10849,train
10850,train
10851,train
10852,train
10853,train
10854,train
10855,train
10856,train
10859,train
10860,train
10861,train
10865,train
10866,train
10867,train
10869,train
10870,train
10872,train
10873,train
10874,train
10876,train
10877,train
10878,train
10879,train
10882,train
10883,train
10884,train
10886,train
10887,train
10888,train
10889,train
10890,train
10892,train
10894,train
10895,train
10897,train
10898,train
10899,train
10902,train
10904,train
10906,train
10907,train
10908,train
10909,train
10910,train
10911,train
10913,train
10914,train
10915,train
10916,train
10919,train
10921,train
10922,train
10923,train
10924,train
10925,train
10926,train
10929,train
10930,train
10932,train
10933,train
10934,train
10935,train
10938,train
10939,train
10940,train
10941,train
10942,train
10943,train
10944,train
10946,train
10949,train
10950,train
10952,train
10953,train
10955,train
10956,train
10957,train
10960,train
10961,train
10964,train
10965,train
10966,train
10968,train
10969,train
10971,train
10972,train
10973,train
10974,train
10976,train
10977,train
10978,train
10979,train
10980,train
10981,train
10984,train
10987,train
10988,train
10989,train
10990,train
10992,train
10994,train
10996,train
10997,train
10998,train
10999,train
11000,train
11001,train
11003,train
11004,train
11006,train
11007,train
11008,train
11009,train
11010,train
11014,train
11017,train
11018,train
11019,train
11020,train
11021,train
11023,train
11024,train
11025,train
11026,train
11027,train
11028,train
11029,train
11033,train
11034,train
11035,train
11036,train
11037,train
11038,train
11039,train
11040,train
11041,train
11042,train
11043,train
11044,train
11045,train
11046,train
11047,train
11048,train
11049,train
11051,train
11054,train
11055,train
11056,train
11059,train
11060,train
11061,train
11062,train
11063,train
11064,train
11065,train
11067,train
11068,train
11070,train
11071,train
11074,train
11075,train
11076,train
11077,train
11078,train
11079,train
11080,train
11081,train
11082,train
11083,train
11084,train
11085,train
11087,train
11088,train
11089,train
11090,train
11091,train
11094,train
11095,train
11096,train
11097,train
11098,train
11099,train
11101,train
11102,train
11103,train
11104,train
11105,train
11108,train
11109,train
11110,train
11111,train
11112,train
11113,train
11114,train
11115,train
11116,train
11117,train
11120,train
11121,train
11123,train
11124,train
11125,train
11127,train
11129,train
11133,train
11134,train
11136,train
11138,train
11139,train
11140,train
11142,train
11144,train
11146,train
11147,train
11149,train
11150,train
11152,train
11155,train
11156,train
11158,train
11159,train
11160,train
11162,train
11163,train
11164,train
11165,train
11166,train
11168,train
11170,train
11171,train
11173,train
11174,train
11175,train
11180,train
11182,train
11183,train
11184,train
11185,train
11186,train
11187,train
11188,train
11191,train
11195,train
11197,train
11198,train
11200,train
11201,train
11202,train
11204,train
11206,train
11208,train
11209,train
11210,train
11211,train
11212,train
11213,train
11216,train
11218,train
11220,train
11221,train
11222,train
11223,train
11226,train
11229,train
11231,train
11234,train
11236,train
11237,train
11240,train
11241,train
11242,train
11243,train
11246,train
11247,train
11248,train
11250,train
11251,train
11252,train
11253,train
11255,train
11258,train
11259,train
11261,train
11262,train
11264,train
11266,train
11267,train
11268,train
11269,train
11272,train
11273,train
11274,train
11278,train
11279,train
11280,train
11282,train
11284,train
11285,train
11288,train
11291,train
11292,train
11293,train
11294,train
11295,train
11296,train
11297,train
11298,train
11299,train
11301,train
11302,train
11303,train
11305,train
11309,train
11310,train
11311,train
11313,train
11317,train
11318,train
11319,train
11320,train
11322,train
11325,train
11328,train
11329,train
11330,train
11331,train
11333,train
11335,train
11336,train
11337,train
11338,train
11339,train
11340,train
11341,train
11342,train
11345,train
11346,train
11348,train
11349,train
11350,train
11351,train
11352,train
11354,train
11355,train
11359,train
11361,train
11363,train
11365,train
11366,train
11367,train
11368,train
11370,train
11373,train
11374,train
11375,train
11376,train
11378,train
11381,train
11383,train
11384,train
11385,train
11386,train
11392,train
11393,train
11394,train
11395,train
11396,train
11397,train
11400,train
11401,train
11402,train
11403,train
11405,train
11408,train
11409,train
11410,train
11411,train
11412,train
11413,train
11414,train
11415,train
11416,train
11418,train
11419,train
11420,train
11421,train
11422,train
11423,train
11425,train
11426,train
11427,train
11430,train
11431,train
11432,train
11433,train
11435,train
11436,train
11437,train
11438,train
11440,train
11441,train
11442,train
11443,train
11447,train
11448,train
11452,train
11453,train
11454,train
11455,train
11456,train
11458,train
11459,train
11460,train
11461,train
11462,train
11463,train
11464,train
11465,train
11466,train
11467,train
11469,train
11470,train
11471,train
11472,train
11473,train
11475,train
11476,train
11478,train
11480,train
11481,train
11483,train
11484,train
11485,train
11486,train
11487,train
11490,train
11491,train
11495,train
11496,train
11497,train
11498,train
11500,train
11504,train
11505,train
11507,train
11510,train
11511,train
11513,train
11515,train
11516,train
11517,train
11518,train
11519,train
11520,train
11521,train
11522,train
11523,train
11526,train
11528,train
11530,train
11531,train
11532,train
11534,train
11536,train
11537,train
11538,train
11540,train
11541,train
11544,train
11546,train
11547,train
11548,train
11549,train
11550,train
11551,train
11552,train
11553,train
11554,train
11555,train
11556,train
11557,train
11558,train
11559,train
11560,train
11562,train
11565,train
11566,train
11568,train
11569,train
11570,train
11572,train
11573,train
11574,train
11575,train
11576,train
11577,train
11578,train
11579,train
11580,train
11581,train
11582,train
11584,train
11585,train
11587,train
11588,train
11589,train
11590,train
11591,train
11594,train
11595,train
11596,train
11597,train
11599,train
11600,train
11601,train
11602,train
11603,train
11604,train
11609,train
11610,train
11611,train
11612,train
11613,train
11614,train
11615,train
11616,train
11617,train
11620,train
11623,train
11628,train
11629,train
11630,train
11631,train
11633,train
11634,train
11635,train
11638,train
11639,train
11640,train
11641,train
11642,train
11644,train
11646,train
11647,train
11648,train
11649,train
11650,train
11651,train
11653,train
11654,train
11657,train
11658,train
11659,train
11660,train
11662,train
11663,train
11664,train
11665,train
11666,train
11668,train
11669,train
11670,train
11672,train
11673,train
11674,train
11675,train
11676,train
11677,train
11678,train
11679,train
11680,train
11681,train
11683,train
11684,train
11685,train
11686,train
11688,train
11689,train
11690,train
11691,train
11693,train
11694,train
11695,train
11696,train
11697,train
11700,train
11701,train
11702,train
11704,train
11705,train
11706,train
11707,train
11708,train
11709,train
11710,train
11713,train
11714,train
11715,train
11716,train
11717,train
11718,train
11719,train
11720,train
11721,train
11723,train
11724,train
11725,train
11726,train
11727,train
11729,train
11730,train
11731,train
11732,train
11734,train
11735,train
11736,train
11737,train
11739,train
11740,train
11741,train
11742,train
11744,train
11745,train
11746,train
11747,train
11749,train
11750,train
11752,train
11753,train
11754,train
11755,train
11757,train
11758,train
11759,train
11760,train
11761,train
11762,train
11764,train
11765,train
11768,train
11769,train
11771,train
11772,train
11773,train
11774,train
11775,train
11777,train
11780,train
11781,train
11782,train
11783,train
11785,train
11786,train
11787,train
11788,train
11790,train
11791,train
11792,train
11794,train
11796,train
11797,train
11798,train
11799,train
11801,train
11802,train
11803,train
11804,train
11806,train
11807,train
11810,train
11811,train
11815,train
11816,train
11820,train
11821,train
11822,train
11825,train
11826,train
11830,train
11832,train
11834,train
11836,train
11837,train
11838,train
11840,train
11843,train
11845,train
11846,train
11848,train
11849,train
11850,train
11851,train
11852,train
11853,train
11854,train
11857,train
11860,train
11862,train
11863,train
11864,train
11865,train
11866,train
11869,train
11871,train
11872,train
11873,train
11874,train
11875,train
11876,train
11877,train
11879,train
11880,train
11883,train
11884,train
11885,train
11886,train
11887,train
11888,train
11889,train
11890,train
11891,train
11892,train
11893,train
11895,train
11899,train
11900,train
11902,train
11906,train
11907,train
11908,train
11909,train
11912,train
11915,train
11917,train
11919,train
11920,train
11921,train
11922,train
11923,train
11924,train
11925,train
11926,train
11927,train
11928,train
11929,train
11930,train
11931,train
11933,train
11934,train
11935,train
11937,train
11938,train
11939,train
11940,train
11945,train
11946,train
11947,train
11948,train
11949,train
11950,train
11951,train
11952,train
11953,train
11954,train
11955,train
11957,train
11958,train
11960,train
11961,train
11962,train
11963,train
11965,train
11966,train
11967,train
11970,train
11971,train
11972,train
11973,train
11974,train
11975,train
11976,train
11978,train
11981,train
11983,train
11985,train
11988,train
11990,train
11992,train
11993,train
11994,train
11996,train
11997,train
11998,train
11999,train
12000,train
12001,train
12002,train
12003,train
12005,train
12006,train
12008,train
12009,train
12010,train
12011,train
12014,train
12016,train
12018,train
12020,train
12022,train
12023,train
12025,train
12026,train
12027,train
12029,train
12030,train
12031,train
12032,train
12034,train
12035,train
12039,train
12040,train
12041,train
12042,train
12043,train
12044,train
12045,train
12047,train
12048,train
12049,train
12053,train
12056,train
12058,train
12060,train
12062,train
12063,train
12065,train
12066,train
12070,train
12071,train
12072,train
12073,train
12074,train
12075,train
12076,train
12077,train
12078,train
12080,train
12081,train
12083,train
12085,train
12088,train
12090,train
12091,train
12092,train
12094,train
12095,train
12096,train
12097,train
12099,train
12100,train
12101,train
12102,train
12104,train
12107,train
12108,train
12109,train
12110,train
12111,train
12113,train
12116,train
12117,train
12118,train
12119,train
12120,train
12121,train
12122,train
12126,train
12127,train
12128,train
12129,train
12130,train
12131,train
12132,train
12133,train
12134,train
12135,train
12138,train
12139,train
12140,train
12142,train
12143,train
12146,train
12147,train
12148,train
12150,train
12151,train
12152,train
12154,train
12156,train
12157,train
12158,train
12159,train
12160,train
12161,train
12162,train
12164,train
12165,train
12166,train
12168,train
12169,train
12171,train
12172,train
12173,train
12174,train
12175,train
12177,train
12178,train
12179,train
12180,train
12181,train
12182,train
12183,train
12184,train
12185,train
12186,train
12187,train
12188,train
12189,train
12191,train
12192,train
12193,train
12195,train
12197,train
12198,train
12200,train
12201,train
12202,train
12204,train
12205,train
12206,train
12208,train
12209,train
12210,train
12211,train
12213,train
12214,train
12215,train
12216,train
12219,train
12220,train
12222,train
12225,train
12226,train
12227,train
12230,train
12232,train
12233,train
12235,train
12237,train
12238,train
12240,train
12242,train
12244,train
12247,train
12248,train
12249,train
12250,train
12252,train
12254,train
12255,train
12256,train
12257,train
12259,train
12260,train
12261,train
12262,train
12263,train
12264,train
12265,train
12266,train
12268,train
12269,train
12270,train
12271,train
12272,train
12274,train
12275,train
12276,train
12277,train
12279,train
12280,train
12281,train
12282,train
12284,train
12287,train
12289,train
12293,train
12295,train
12296,train
12297,train
12298,train
12300,train
12301,train
12302,train
12304,train
12306,train
12307,train
12308,train
12309,train
12311,train
12312,train
12313,train
12315,train
12316,train
12317,train
12319,train
12320,train
12322,train
12324,train
12325,train
12326,train
12327,train
12328,train
12329,train
12334,train
12335,train
12337,train
12338,train
12339,train
12340,train
12341,train
12342,train
12343,train
12344,train
12345,train
12346,train
12347,train
12348,train
12349,train
12350,train
12353,train
12356,train
12357,train
12358,train
12360,train
12361,train
12362,train
12366,train
12367,train
12369,train
12371,train
12372,train
12374,train
12375,train
12376,train
12377,train
12378,train
12379,train
12381,train
12382,train
12383,train
12384,train
12386,train
12387,train
12388,train
12389,train
12392,train
12393,train
12394,train
12395,train
12398,train
12399,train
12400,train
12401,train
12403,train
12404,train
12405,train
12406,train
12407,train
12410,train
12411,train
12412,train
12413,train
12414,train
12415,train
12416,train
12420,train
12421,train
12422,train
12423,train
12424,train
12425,train
12426,train
12428,train
12429,train
12430,train
12432,train
12434,train
12436,train
12437,train
12439,train
12440,train
12442,train
12443,train
12444,train
12445,train
12446,train
12447,train
12448,train
12449,train
12450,train
12452,train
12453,train
12454,train
12455,train
12456,train
12457,train
12460,train
12461,train
12465,train
12467,train
12468,train
12469,train
12470,train
12472,train
12473,train
12474,train
12475,train
12476,train
12477,train
12478,train
12479,train
12481,train
12482,train
12484,train
12485,train
12486,train
12487,train
12488,train
12489,train
12490,train
12491,train
12492,train
12494,train
12495,train
12496,train
12497,train
12498,train
12500,train
12501,train
12502,train
12503,train
12505,train
12506,train
12507,train
12509,train
12510,train
12511,train
12514,train
12516,train
12517,train
12520,train
12522,train
12523,train
12524,train
12525,train
12527,train
12528,train
12529,train
12530,train
12531,train
12532,train
12534,train
12535,train
12538,train
12539,train
12540,train
12542,train
12545,train
12546,train
12547,train
12548,train
12550,train
12552,train
12553,train
12554,train
12555,train
12557,train
12559,train
12560,train
12561,train
12562,train
12563,train
12565,train
12566,train
12567,train
12568,train
12569,train
12570,train
12571,train
12573,train
12575,train
12576,train
12578,train
12579,train
12581,train
12582,train
12583,train
12584,train
12586,train
12589,train
12590,train
12591,train
12592,train
12593,train
12594,train
12596,train
12598,train
12599,train
12601,train
12602,train
12603,train
12604,train
12605,train
12607,train
12608,train
12612,train
12613,train
12614,train
12617,train
12618,train
12621,train
12626,train
12628,train
12629,train
12630,train
12631,train
12633,train
12634,train
12635,train
12636,train
12637,train
12639,train
12641,train
12642,train
12644,train
12645,train
12647,train
12648,train
12649,train
12650,train
12652,train
12653,train
12654,train
12656,train
12657,train
12659,train
12660,train
12662,train
12663,train
12665,train
12666,train
12667,train
12669,train
12671,train
12672,train
12673,train
12674,train
12675,train
12676,train
12680,train
12682,train
12683,train
12684,train
12685,train
12686,train
12687,train
12688,train
12689,train
12691,train
12692,train
12693,train
12694,train
12696,train
12697,train
12698,train
12699,train
12700,train
12702,train
12703,train
12704,train
12705,train
12706,train
12707,train
12708,train
12710,train
12712,train
12713,train
12714,train
12717,train
12719,train
12720,train
12721,train
12722,train
12723,train
12726,train
12727,train
12728,train
12729,train
12730,train
12732,train
12734,train
12735,train
12736,train
12738,train
12740,train
12741,train
12744,train
12747,train
12749,train
12750,train
12751,train
12752,train
12753,train
12754,train
12757,train
12758,train
12759,train
12763,train
12764,train
12765,train
12766,train
12767,train
12768,train
12769,train
12771,train
12772,train
12773,train
12774,train
12776,train
12778,train
12781,train
12782,train
12783,train
12784,train
12787,train
12789,train
12790,train
12791,train
12792,train
12794,train
12795,train
12801,train
12802,train
12803,train
12804,train
12805,train
12807,train
12809,train
12810,train
12811,train
12815,train
12816,train
12817,train
12818,train
12819,train
12821,train
12823,train
12824,train
12825,train
12827,train
12828,train
12829,train
12830,train
12831,train
12835,train
12836,train
12838,train
12840,train
12842,train
12843,train
12845,train
12847,train
12848,train
12849,train
12850,train
12852,train
12853,train
12854,train
12856,train
12858,train
12859,train
12860,train
12862,train
12863,train
12865,train
12867,train
12868,train
12870,train
12871,train
12872,train
12874,train
12875,train
12876,train
12877,train
12878,train
12879,train
12880,train
12881,train
12882,train
12883,train
12885,train
12887,train
12888,train
12890,train
12891,train
12892,train
12893,train
12895,train
12896,train
12898,train
12899,train
12900,train
12901,train
12902,train
12903,train
12904,train
12906,train
12907,train
12908,train
12911,train
12912,train
12914,train
12916,train
12917,train
12920,train
12921,train
12922,train
12926,train
12927,train
12928,train
12929,train
12930,train
12932,train
12933,train
12935,train
12936,train
12937,train
12938,train
12939,train
12941,train
12942,train
12943,train
12944,train
12946,train
12948,train
12949,train
12950,train
12951,train
12952,train
12953,train
12955,train
12958,train
12959,train
12960,train
12961,train
12962,train
12963,train
12964,train
12966,train
12967,train
12969,train
12970,train
12971,train
12972,train
12974,train
12975,train
12976,train
12977,train
12978,train
12982,train
12983,train
12985,train
12986,train
12987,train
12988,train
12991,train
12995,train
12996,train
12997,train
12998,train
12999,train
13000,train
13002,train
13003,train
13004,train
13005,train
13006,train
13007,train
13010,train
13011,train
13013,train
13014,train
13016,train
13017,train
13018,train
13019,train
13024,train
13026,train
13027,train
13028,train
13029,train
13030,train
13031,train
13032,train
13033,train
13034,train
13035,train
13036,train
13038,train
13040,train
13041,train
13043,train
13044,train
13045,train
13046,train
13047,train
13051,train
13052,train
13053,train
13055,train
13056,train
13057,train
13060,train
13061,train
13062,train
13063,train
13066,train
13068,train
13069,train
13070,train
13071,train
13072,train
13073,train
13074,train
13075,train
13078,train
13081,train
13084,train
13086,train
13087,train
13088,train
13089,train
13090,train
13092,train
13094,train
13095,train
13096,train
13097,train
13101,train
13103,train
13106,train
13108,train
13109,train
13110,train
13113,train
13114,train
13116,train
13117,train
13118,train
13120,train
13122,train
13123,train
13124,train
13126,train
13128,train
13129,train
13130,train
13132,train
13133,train
13136,train
13137,train
13138,train
13139,train
13140,train
13141,train
13142,train
13143,train
13146,train
13147,train
13148,train
13149,train
13150,train
13151,train
13152,train
13155,train
13158,train
13159,train
13160,train
13161,train
13162,train
13163,train
13164,train
13165,train
13170,train
13171,train
13172,train
13176,train
13179,train
13180,train
13181,train
13183,train
13184,train
13185,train
13187,train
13188,train
13190,train
13191,train
13193,train
13194,train
13198,train
13202,train
13204,train
13205,train
13208,train
13209,train
13211,train
13213,train
13215,train
13216,train
13218,train
13219,train
13220,train
13221,train
13222,train
13223,train
13224,train
13227,train
13228,train
13231,train
13232,train
13233,train
13234,train
13235,train
13237,train
13238,train
13239,train
13240,train
13241,train
13242,train
13244,train
13245,train
13246,train
13247,train
13248,train
13249,train
13250,train
13252,train
13254,train
13255,train
13258,train
13259,train
13261,train
13262,train
13263,train
13264,train
13265,train
13266,train
13267,train
13270,train
13271,train
13272,train
13273,train
13274,train
13277,train
13278,train
13279,train
13280,train
13281,train
13282,train
13283,train
13284,train
13286,train
13288,train
13290,train
13293,train
13294,train
13295,train
13296,train
13297,train
13300,train
13301,train
13302,train
13304,train
13305,train
13306,train
13307,train
13310,train
13312,train
13313,train
13314,train
13317,train
13319,train
13320,train
13322,train
13323,train
13324,train
13326,train
13331,train
13332,train
13334,train
13335,train
13336,train
13338,train
13339,train
13340,train
13343,train
13344,train
13346,train
13347,train
13348,train
13349,train
13350,train
13351,train
13353,train
13354,train
13355,train
13358,train
13359,train
13360,train
13361,train
13363,train
13365,train
13369,train
13370,train
13373,train
13375,train
13377,train
13378,train
13379,train
13380,train
13381,train
13384,train
13385,train
13386,train
13387,train
13389,train
13390,train
13391,train
13392,train
13395,train
13396,train
13397,train
13400,train
13401,train
13402,train
13403,train
13404,train
13405,train
13406,train
13407,train
13408,train
13410,train
13411,train
13412,train
13413,train
13414,train
13416,train
13418,train
13419,train
13420,train
13422,train
13423,train
13424,train
13425,train
13426,train
13427,train
13429,train
13430,train
13432,train
13434,train
13435,train
13436,train
13437,train
13438,train
13440,train
13441,train
13442,train
13443,train
13444,train
13445,train
13446,train
13449,train
13450,train
13451,train
13452,train
13453,train
13454,train
13455,train
13456,train
13457,train
13458,train
13459,train
13461,train
13463,train
13464,train
13465,train
13468,train
13471,train
13473,train
13474,train
13476,train
13479,train
13480,train
13481,train
13482,train
13483,train
13485,train
13486,train
13490,train
13491,train
13492,train
13495,train
13496,train
13498,train
13500,train
13502,train
13503,train
13504,train
13505,train
13506,train
13510,train
13511,train
13512,train
13514,train
13516,train
13517,train
13519,train
13520,train
13523,train
13524,train
13525,train
13526,train
13527,train
13528,train
13529,train
13530,train
13531,train
13532,train
13533,train
13535,train
13536,train
13537,train
13538,train
13539,train
13542,train
13544,train
13546,train
13548,train
13549,train
13551,train
13554,train
13555,train
13557,train
13559,train
13560,train
13562,train
13563,train
13565,train
13567,train
13568,train
13569,train
13570,train
13571,train
13572,train
13575,train
13576,train
13577,train
13578,train
13580,train
13581,train
13583,train
13585,train
13586,train
13588,train
13592,train
13595,train
13597,train
13598,train
13599,train
13600,train
13601,train
13602,train
13606,train
13607,train
13608,train
13609,train
13613,train
13614,train
13618,train
13622,train
13624,train
13625,train
13626,train
13627,train
13628,train
13629,train
13630,train
13631,train
13632,train
13634,train
13635,train
13636,train
13637,train
13638,train
13640,train
13643,train
13644,train
13645,train
13646,train
13649,train
13652,train
13653,train
13654,train
13655,train
13656,train
13658,train
13659,train
13660,train
13661,train
13662,train
13663,train
13664,train
13665,train
13666,train
13667,train
13668,train
13669,train
13670,train
13672,train
13674,train
13676,train
13680,train
13681,train
13682,train
13683,train
13684,train
13685,train
13689,train
13690,train
13691,train
13692,train
13693,train
13694,train
13697,train
13698,train
13699,train
13700,train
13701,train
13702,train
13703,train
13704,train
13705,train
13706,train
13707,train
13708,train
13709,train
13710,train
13712,train
13714,train
13715,train
13716,train
13717,train
13718,train
13719,train
13720,train
13723,train
13724,train
13725,train
13729,train
13730,train
13732,train
13733,train
13735,train
13737,train
13738,train
13740,train
13743,train
13744,train
13745,train
13747,train
13748,train
13749,train
13750,train
13751,train
13752,train
13754,train
13755,train
13758,train
13760,train
13761,train
13762,train
13763,train
13764,train
13765,train
13766,train
13768,train
13769,train
13770,train
13772,train
13773,train
13774,train
13775,train
13776,train
13777,train
13779,train
13780,train
13781,train
13782,train
13783,train
13784,train
13786,train
13787,train
13789,train
13790,train
13791,train
13792,train
13793,train
13794,train
13795,train
13796,train
13797,train
13799,train
13800,train
13802,train
13804,train
13806,train
13808,train
13809,train
13810,train
13811,train
13814,train
13815,train
13816,train
13818,train
13819,train
13822,train
13824,train
13825,train
13826,train
13828,train
13829,train
13830,train
13831,train
13832,train
13834,train
13835,train
13839,train
13840,train
13842,train
13844,train
13845,train
13846,train
13847,train
13850,train
13854,train
13855,train
13857,train
13858,train
13859,train
13860,train
13861,train
13864,train
13865,train
13866,train
13867,train
13868,train
13870,train
13871,train
13872,train
13873,train
13875,train
13876,train
13878,train
13880,train
13883,train
13884,train
13887,train
13888,train
13889,train
13890,train
13891,train
13892,train
13893,train
13894,train
13895,train
13896,train
13897,train
13898,train
13899,train
13901,train
13903,train
13905,train
13908,train
13909,train
13910,train
13911,train
13912,train
13913,train
13914,train
13918,train
13919,train
13920,train
13921,train
13923,train
13924,train
13925,train
13926,train
13927,train
13929,train
13930,train
13931,train
13932,train
13933,train
13934,train
13935,train
13936,train
13937,train
13938,train
13940,train
13942,train
13943,train
13945,train
13946,train
13947,train
13948,train
13949,train
13950,train
13951,train
13952,train
13954,train
13958,train
13959,train
13961,train
13962,train
13963,train
13964,train
13965,train
13966,train
13967,train
13969,train
13970,train
13971,train
13972,train
13973,train
13974,train
13975,train
13976,train
13977,train
13978,train
13979,train
13980,train
13981,train
13982,train
13983,train
13984,train
13986,train
13987,train
13988,train
13989,train
13990,train
13991,train
13992,train
13993,train
13994,train
13995,train
13997,train
13998,train
14001,train
14003,train
14004,train
14006,train
14007,train
14008,train
14009,train
14010,train
14011,train
14012,train
14014,train
14016,train
14017,train
14018,train
14021,train
14022,train
14023,train
14025,train
14026,train
14027,train
14029,train
14030,train
14031,train
14032,train
14033,train
14036,train
14037,train
14038,train
14039,train
14040,train
14041,train
14043,train
14044,train
14047,train
14048,train
14049,train
14050,train
14051,train
14052,train
14053,train
14057,train
14058,train
14059,train
14063,train
14067,train
14068,train
14069,train
14070,train
14073,train
14074,train
14075,train
14076,train
14077,train
14078,train
14079,train
14080,train
14081,train
14083,train
14085,train
14086,train
14087,train
14088,train
14089,train
14090,train
14093,train
14094,train
14095,train
14097,train
14098,train
14099,train
14100,train
14101,train
14102,train
14105,train
14106,train
14107,train
14111,train
14112,train
14113,train
14114,train
14115,train
14117,train
14120,train
14121,train
14123,train
14124,train
14125,train
14126,train
14127,train
14129,train
14130,train
14131,train
14133,train
14135,train
14136,train
14140,train
14141,train
14142,train
14143,train
14146,train
14147,train
14148,train
14150,train
14151,train
14152,train
14153,train
14154,train
14155,train
14156,train
14157,train
14158,train
14159,train
14160,train
14161,train
14162,train
14163,train
14165,train
14166,train
14167,train
14168,train
14169,train
14171,train
14173,train
14175,train
14176,train
14177,train
14179,train
14180,train
14183,train
14185,train
14186,train
14187,train
14188,train
14189,train
14190,train
14192,train
14193,train
14194,train
14195,train
14196,train
14197,train
14198,train
14200,train
14202,train
14204,train
14206,train
14207,train
14208,train
14209,train
14210,train
14211,train
14212,train
14213,train
14214,train
14215,train
14219,train
14220,train
14221,train
14222,train
14224,train
14228,train
14229,train
14231,train
14232,train
14234,train
14236,train
14239,train
14242,train
14243,train
14244,train
14245,train
14246,train
14247,train
14248,train
14249,train
14250,train
14251,train
14253,train
14254,train
14255,train
14256,train
14258,train
14259,train
14260,train
14261,train
14263,train
14264,train
14267,train
14270,train
14271,train
14272,train
14276,train
14278,train
14280,train
14281,train
14283,train
14284,train
14287,train
14288,train
14289,train
14290,train
14291,train
14292,train
14293,train
14295,train
14296,train
14297,train
14298,train
14299,train
14300,train
14301,train
14302,train
14304,train
14305,train
14307,train
14309,train
14310,train
14311,train
14312,train
14313,train
14315,train
14316,train
14317,train
14318,train
14319,train
14321,train
14324,train
14326,train
14327,train
14328,train
14330,train
14331,train
14332,train
14333,train
14334,train
14335,train
14337,train
14338,train
14340,train
14341,train
14342,train
14343,train
14344,train
14346,train
14347,train
14348,train
14350,train
14352,train
14356,train
14357,train
14358,train
14359,train
14361,train
14362,train
14363,train
14364,train
14365,train
14366,train
14367,train
14368,train
14370,train
14371,train
14372,train
14377,train
14380,train
14381,train
14382,train
14383,train
14384,train
14385,train
14386,train
14388,train
14391,train
14392,train
14393,train
14394,train
14395,train
14397,train
14398,train
14399,train
14400,train
14401,train
14404,train
14406,train
14408,train
14409,train
14410,train
14412,train
14415,train
14416,train
14417,train
14419,train
14420,train
14421,train
14422,train
14424,train
14425,train
14428,train
14430,train
14431,train
14434,train
14435,train
14436,train
14437,train
14438,train
14440,train
14441,train
14444,train
14445,train
14448,train
14449,train
14450,train
14451,train
14452,train
14453,train
14454,train
14456,train
14458,train
14460,train
14464,train
14465,train
14466,train
14467,train
14469,train
14472,train
14473,train
14474,train
14476,train
14479,train
14481,train
14482,train
14483,train
14484,train
14486,train
14489,train
14490,train
14491,train
14492,train
14494,train
14495,train
14497,train
14498,train
14501,train
14502,train
14504,train
14505,train
14507,train
14508,train
14509,train
14511,train
14512,train
14513,train
14515,train
14516,train
14517,train
14520,train
14521,train
14522,train
14525,train
14528,train
14529,train
14530,train
14531,train
14532,train
14534,train
14535,train
14537,train
14540,train
14541,train
14542,train
14543,train
14545,train
14546,train
14547,train
14548,train
14549,train
14550,train
14551,train
14552,train
14554,train
14555,train
14556,train
14557,train
14558,train
14559,train
14560,train
14562,train
14563,train
14564,train
14565,train
14566,train
14567,train
14568,train
14569,train
14570,train
14572,train
14573,train
14574,train
14581,train
14582,train
14583,train
14584,train
14588,train
14589,train
14590,train
14591,train
14592,train
14594,train
14595,train
14596,train
14597,train
14598,train
14599,train
14600,train
14602,train
14605,train
14606,train
14607,train
14608,train
14610,train
14611,train
14615,train
14616,train
14617,train
14618,train
14619,train
14620,train
14622,train
14623,train
14624,train
14627,train
14629,train
14630,train
14632,train
14633,train
14634,train
14635,train
14636,train
14637,train
14639,train
14641,train
14642,train
14645,train
14646,train
14647,train
14649,train
14650,train
14655,train
14657,train
14658,train
14659,train
14661,train
14662,train
14663,train
14664,train
14665,train
14666,train
14667,train
14668,train
14669,train
14670,train
14671,train
14672,train
14674,train
14675,train
14677,train
14678,train
14679,train
14680,train
14681,train
14683,train
14684,train
14685,train
14687,train
14688,train
14689,train
14690,train
14692,train
14693,train
14694,train
14696,train
14697,train
14699,train
14701,train
14702,train
14703,train
14704,train
14705,train
14706,train
14707,train
14708,train
14709,train
14711,train
14712,train
14715,train
14716,train
14717,train
14718,train
14719,train
14721,train
14722,train
14723,train
14724,train
14725,train
14726,train
14727,train
14728,train
14729,train
14730,train
14731,train
14733,train
14734,train
14736,train
14739,train
14741,train
14742,train
14744,train
14745,train
14746,train
14747,train
14748,train
14755,train
14756,train
14757,train
14758,train
14759,train
14760,train
14761,train
14763,train
14765,train
14766,train
14767,train
14768,train
14770,train
14772,train
14773,train
14774,train
14779,train
14780,train
14781,train
14782,train
14783,train
14786,train
14787,train
14788,train
14789,train
14790,train
14793,train
14795,train
14797,train
14801,train
14803,train
14805,train
14806,train
14810,train
14811,train
14813,train
14817,train
14818,train
14819,train
14821,train
14822,train
14823,train
14824,train
14825,train
14826,train
14828,train
14830,train
14831,train
14833,train
14834,train
14835,train
14836,train
14837,train
14838,train
14839,train
14840,train
14842,train
14843,train
14846,train
14847,train
14848,train
14850,train
14851,train
14853,train
14854,train
14855,train
14856,train
14857,train
14858,train
14861,train
14862,train
14863,train
14864,train
14865,train
14867,train
14868,train
14869,train
14871,train
14872,train
14874,train
14877,train
14878,train
14879,train
14880,train
14882,train
14883,train
14884,train
14886,train
14888,train
14889,train
14890,train
14891,train
14892,train
14893,train
14894,train
14895,train
14896,train
14897,train
14898,train
14900,train
14902,train
14903,train
14904,train
14905,train
14906,train
14909,train
14910,train
14912,train
14913,train
14914,train
14915,train
14916,train
14917,train
14918,train
14919,train
14921,train
14922,train
14923,train
14924,train
14925,train
14926,train
14927,train
14928,train
14929,train
14932,train
14933,train
14934,train
14935,train
14936,train
14937,train
14939,train
14940,train
14941,train
14945,train
14946,train
14947,train
14948,train
14949,train
14950,train
14951,train
14952,train
14954,train
14955,train
14956,train
14958,train
14960,train
14962,train
14964,train
14966,train
14971,train
14973,train
14975,train
14976,train
14982,train
14983,train
14984,train
14985,train
14986,train
14987,train
14988,train
14990,train
14991,train
14992,train
14993,train
14994,train
14996,train
14997,train
14998,train
14999,train
15000,train
15004,train
15007,train
15008,train
15010,train
15012,train
15014,train
15015,train
15016,train
15018,train
15019,train
15020,train
15021,train
15022,train
15024,train
15025,train
15027,train
15030,train
15031,train
15032,train
15033,train
15034,train
15035,train
15036,train
15037,train
15039,train
15042,train
15043,train
15044,train
15045,train
15047,train
15048,train
15049,train
15051,train
15052,train
15053,train
15054,train
15057,train
15058,train
15060,train
15062,train
15067,train
15069,train
15070,train
15071,train
15072,train
15074,train
15075,train
15076,train
15077,train
15078,train
15079,train
15082,train
15083,train
15084,train
15085,train
15086,train
15087,train
15090,train
15091,train
15093,train
15094,train
15096,train
15097,train
15101,train
15103,train
15104,train
15107,train
15108,train
15109,train
15110,train
15112,train
15113,train
15115,train
15116,train
15117,train
15118,train
15122,train
15124,train
15125,train
15126,train
15127,train
15128,train
15129,train
15130,train
15138,train
15139,train
15140,train
15141,train
15143,train
15145,train
15147,train
15148,train
15149,train
15151,train
15152,train
15153,train
15154,train
15155,train
15156,train
15157,train
15159,train
15160,train
15162,train
15164,train
15167,train
15168,train
15169,train
15170,train
15173,train
15174,train
15175,train
15176,train
15178,train
15179,train
15180,train
15182,train
15183,train
15184,train
15185,train
15186,train
15187,train
15188,train
15191,train
15192,train
15194,train
15195,train
15196,train
15197,train
15199,train
15200,train
15201,train
15203,train
15204,train
15206,train
15207,train
15208,train
15209,train
15211,train
15212,train
15213,train
15215,train
15217,train
15218,train
15219,train
15221,train
15222,train
15223,train
15224,train
15225,train
15226,train
15227,train
15230,train
15232,train
15234,train
15235,train
15236,train
15238,train
15241,train
15242,train
15243,train
15245,train
15246,train
15247,train
15249,train
15250,train
15251,train
15254,train
15256,train
15257,train
15258,train
15260,train
15261,train
15263,train
15264,train
15266,train
15267,train
15270,train
15271,train
15272,train
15275,train
15276,train
15277,train
15278,train
15279,train
15280,train
15283,train
15284,train
15285,train
15286,train
15287,train
15288,train
15289,train
15291,train
15293,train
15296,train
15299,train
15301,train
15302,train
15303,train
15304,train
15305,train
15306,train
15308,train
15309,train
15310,train
15311,train
15312,train
15313,train
15314,train
15315,train
15316,train
15318,train
15320,train
15322,train
15325,train
15326,train
15327,train
15328,train
15329,train
15330,train
15331,train
15332,train
15333,train
15334,train
15335,train
15336,train
15337,train
15338,train
15339,train
15340,train
15341,train
15342,train
15343,train
15344,train
15345,train
15346,train
15348,train
15350,train
15352,train
15353,train
15355,train
15356,train
15358,train
15359,train
15360,train
15363,train
15364,train
15365,train
15367,train
15369,train
15372,train
15373,train
15374,train
15376,train
15377,train
15379,train
15380,train
15381,train
15385,train
15386,train
15388,train
15390,train
15391,train
15392,train
15393,train
15394,train
15397,train
15399,train
15401,train
15402,train
15403,train
15404,train
15407,train
15408,train
15410,train
15411,train
15412,train
15414,train
15415,train
15416,train
15417,train
15418,train
15419,train
15420,train
15423,train
15431,train
15432,train
15434,train
15435,train
15436,train
15439,train
15440,train
15442,train
15443,train
15444,train
15445,train
15446,train
15447,train
15448,train
15449,train
15450,train
15452,train
15453,train
15454,train
15455,train
15456,train
15457,train
15458,train
15459,train
15463,train
15464,train
15465,train
15466,train
15467,train
15469,train
15472,train
15473,train
15474,train
15476,train
15477,train
15478,train
15480,train
15481,train
15483,train
15486,train
15488,train
15489,train
15490,train
15494,train
15495,train
15496,train
15497,train
15499,train
15500,train
15501,train
15502,train
15503,train
15504,train
15505,train
15511,train
15512,train
15513,train
15514,train
15515,train
15516,train
15518,train
15520,train
15521,train
15523,train
15524,train
15526,train
15527,train
15528,train
15529,train
15530,train
15531,train
15532,train
15533,train
15535,train
15537,train
15539,train
15540,train
15541,train
15542,train
15543,train
15544,train
15545,train
15546,train
15550,train
15552,train
15553,train
15554,train
15555,train
15559,train
15560,train
15561,train
15563,train
15564,train
15565,train
15566,train
15568,train
15570,train
15571,train
15573,train
15575,train
15576,train
15577,train
15578,train
15579,train
15581,train
15583,train
15584,train
15586,train
15587,train
15588,train
15589,train
15590,train
15592,train
15593,train
15594,train
15595,train
15597,train
15598,train
15599,train
15600,train
15601,train
15602,train
15604,train
15606,train
15607,train
15608,train
15609,train
15611,train
15612,train
15613,train
15614,train
15616,train
15617,train
15618,train
15619,train
15620,train
15621,train
15623,train
15628,train
15630,train
15631,train
15633,train
15634,train
15636,train
15640,train
15641,train
15647,train
15648,train
15649,train
15650,train
15651,train
15652,train
15653,train
15654,train
15655,train
15656,train
15659,train
15660,train
15661,train
15664,train
15665,train
15666,train
15668,train
15669,train
15670,train
15673,train
15674,train
15675,train
15676,train
15677,train
15678,train
15679,train
15680,train
15681,train
15682,train
15683,train
15684,train
15685,train
15686,train
15687,train
15688,train
15689,train
15690,train
15691,train
15694,train
15697,train
15699,train
15700,train
15701,train
15702,train
15703,train
15704,train
15705,train
15709,train
15712,train
15714,train
15715,train
15716,train
15718,train
15719,train
15720,train
15722,train
15723,train
15726,train
15727,train
15729,train
15730,train
15731,train
15733,train
15734,train
15735,train
15737,train
15738,train
15739,train
15740,train
15741,train
15743,train
15744,train
15745,train
15746,train
15748,train
15750,train
15751,train
15752,train
15754,train
15755,train
15757,train
15759,train
15761,train
15762,train
15763,train
15765,train
15769,train
15771,train
15772,train
15774,train
15775,train
15779,train
15780,train
15781,train
15787,train
15788,train
15789,train
15790,train
15791,train
15792,train
15793,train
15795,train
15796,train
15797,train
15798,train
15801,train
15802,train
15803,train
15804,train
15805,train
15807,train
15810,train
15811,train
15813,train
15814,train
15815,train
15816,train
15817,train
15818,train
15819,train
15820,train
15822,train
15823,train
15824,train
15825,train
15826,train
15827,train
15831,train
15832,train
15835,train
15836,train
15838,train
15840,train
15842,train
15845,train
15846,train
15847,train
15848,train
15849,train
15850,train
15851,train
15854,train
15856,train
15857,train
15858,train
15859,train
15860,train
15862,train
15864,train
15867,train
15868,train
15869,train
15871,train
15872,train
15873,train
15874,train
15875,train
15881,train
15882,train
15883,train
15884,train
15885,train
15887,train
15888,train
15890,train
15891,train
15892,train
15894,train
15895,train
15896,train
15897,train
15899,train
15900,train
15904,train
15905,train
15906,train
15907,train
15909,train
15910,train
15911,train
15914,train
15915,train
15917,train
15918,train
15919,train
15920,train
15921,train
15922,train
15924,train
15926,train
15927,train
15928,train
15929,train
15931,train
15932,train
15933,train
15934,train
15935,train
15936,train
15937,train
15938,train
15939,train
15942,train
15943,train
15944,train
15946,train
15947,train
15948,train
15949,train
15951,train
15953,train
15955,train
15958,train
15959,train
15960,train
15961,train
15963,train
15964,train
15966,train
15967,train
15971,train
15973,train
15974,train
15977,train
15978,train
15980,train
15983,train
15987,train
15988,train
15989,train
15990,train
15991,train
15992,train
15993,train
15995,train
15997,train
15999,train
16003,train
16004,train
16005,train
16006,train
16007,train
16009,train
16010,train
16012,train
16013,train
16014,train
16015,train
16016,train
16019,train
16020,train
16021,train
16022,train
16024,train
16025,train
16026,train
16028,train
16029,train
16030,train
16033,train
16034,train
16035,train
16039,train
16040,train
16044,train
16045,train
16049,train
16050,train
16051,train
16052,train
16054,train
16055,train
16057,train
16058,train
16059,train
16060,train
16061,train
16062,train
16064,train
16065,train
16066,train
16069,train
16072,train
16073,train
16074,train
16076,train
16077,train
16078,train
16080,train
16081,train
16082,train
16083,train
16084,train
16085,train
16088,train
16090,train
16094,train
16097,train
16098,train
16099,train
16100,train
16101,train
16102,train
16103,train
16104,train
16106,train
16108,train
16109,train
16110,train
16113,train
16114,train
16116,train
16118,train
16119,train
16120,train
16121,train
16122,train
16123,train
16124,train
16125,train
16126,train
16127,train
16132,train
16136,train
16137,train
16138,train
16139,train
16141,train
16142,train
16143,train
16146,train
16149,train
16150,train
16151,train
16152,train
16153,train
16154,train
16155,train
16156,train
16157,train
16158,train
16159,train
16160,train
16162,train
16163,train
16164,train
16166,train
16168,train
16171,train
16172,train
16173,train
16174,train
16175,train
16180,train
16183,train
16184,train
16188,train
16191,train
16194,train
16195,train
16197,train
16198,train
16200,train
16203,train
16204,train
16205,train
16206,train
16207,train
16208,train
16210,train
16211,train
16212,train
16213,train
16215,train
16217,train
16219,train
16221,train
16222,train
16223,train
16224,train
16227,train
16231,train
16233,train
16236,train
16237,train
16238,train
16240,train
16241,train
16242,train
16243,train
16244,train
16246,train
16247,train
16248,train
16249,train
16253,train
16254,train
16255,train
16256,train
16257,train
16259,train
16260,train
16261,train
16262,train
16264,train
16265,train
16266,train
16268,train
16269,train
16270,train
16273,train
16275,train
16276,train
16277,train
16278,train
16279,train
16280,train
16281,train
16282,train
16284,train
16285,train
16286,train
16287,train
16288,train
16289,train
16291,train
16292,train
16294,train
16295,train
16296,train
16297,train
16299,train
16301,train
16302,train
16303,train
16305,train
16306,train
16308,train
16309,train
16310,train
16313,train
16315,train
16316,train
16317,train
16318,train
16319,train
16321,train
16322,train
16327,train
16331,train
16332,train
16334,train
16336,train
16337,train
16339,train
16340,train
16341,train
16343,train
16345,train
16346,train
16347,train
16348,train
16349,train
16350,train
16351,train
16352,train
16353,train
16356,train
16357,train
16358,train
16359,train
16361,train
16364,train
16365,train
16366,train
16372,train
16374,train
16375,train
16377,train
16378,train
16379,train
16381,train
16383,train
16385,train
16386,train
16387,train
16390,train
16391,train
16394,train
16396,train
16397,train
16398,train
16400,train
16401,train
16402,train
16403,train
16404,train
16406,train
16407,train
16408,train
16409,train
16410,train
16411,train
16412,train
16413,train
16414,train
16415,train
16417,train
16418,train
16423,train
16425,train
16426,train
16428,train
16429,train
16433,train
16434,train
16436,train
16437,train
16438,train
16439,train
16440,train
16441,train
16442,train
16444,train
16446,train
16447,train
16448,train
16449,train
16450,train
16451,train
16453,train
16454,train
16455,train
16456,train
16457,train
16458,train
16459,train
16461,train
16462,train
16463,train
16465,train
16466,train
16470,train
16471,train
16472,train
16473,train
16474,train
16475,train
16476,train
16478,train
16479,train
16480,train
16481,train
16483,train
16485,train
16488,train
16490,train
16492,train
16496,train
16498,train
16499,train
16500,train
16502,train
16503,train
16505,train
16506,train
16508,train
16509,train
16510,train
16511,train
16513,train
16514,train
16515,train
16518,train
16519,train
16520,train
16522,train
16523,train
16524,train
16525,train
16527,train
16528,train
16529,train
16530,train
16531,train
16533,train
16536,train
16538,train
16539,train
16542,train
16543,train
16545,train
16546,train
16547,train
16549,train
16550,train
16552,train
16554,train
16555,train
16557,train
16558,train
16559,train
16560,train
16561,train
16562,train
16563,train
16564,train
16565,train
16566,train
16567,train
16569,train
16570,train
16571,train
16572,train
16573,train
16574,train
16575,train
16576,train
16577,train
16578,train
16579,train
16580,train
16581,train
16582,train
16583,train
16586,train
16588,train
16589,train
16590,train
16592,train
16593,train
16594,train
16595,train
16596,train
16597,train
16599,train
16600,train
16601,train
16602,train
16604,train
16606,train
16607,train
16608,train
16609,train
16610,train
16611,train
16612,train
16613,train
16614,train
16615,train
16616,train
16617,train
16618,train
16619,train
16620,train
16622,train
16623,train
16624,train
16625,train
16626,train
16627,train
16628,train
16629,train
16631,train
16632,train
16633,train
16635,train
16636,train
16638,train
16639,train
16640,train
16641,train
16642,train
16643,train
16645,train
16646,train
16647,train
16649,train
16650,train
16652,train
16653,train
16654,train
16656,train
16658,train
16659,train
16661,train
16662,train
16663,train
16664,train
16665,train
16667,train
16670,train
16673,train
16674,train
16677,train
16679,train
16680,train
16681,train
16683,train
16686,train
16689,train
16691,train
16692,train
16693,train
16695,train
16696,train
16697,train
16700,train
16701,train
16702,train
16703,train
16705,train
16706,train
16708,train
16709,train
16713,train
16714,train
16715,train
16716,train
16717,train
16718,train
16719,train
16720,train
16721,train
16722,train
16724,train
16725,train
16726,train
16727,train
16728,train
16730,train
16731,train
16733,train
16734,train
16739,train
16741,train
16743,train
16744,train
16746,train
16747,train
16748,train
16749,train
16750,train
16752,train
16754,train
16755,train
16756,train
16757,train
16760,train
16763,train
16764,train
16765,train
16766,train
16767,train
16771,train
16772,train
16773,train
16775,train
16776,train
16779,train
16780,train
16781,train
16782,train
16783,train
16785,train
16786,train
16787,train
16788,train
16789,train
16791,train
16792,train
16795,train
16796,train
16797,train
16798,train
16800,train
16801,train
16803,train
16804,train
16805,train
16806,train
16807,train
16808,train
16812,train
16815,train
16816,train
16817,train
16818,train
16820,train
16821,train
16822,train
16825,train
16826,train
16827,train
16828,train
16829,train
16830,train
16832,train
16833,train
16834,train
16837,train
16838,train
16839,train
16841,train
16842,train
16844,train
16845,train
16846,train
16847,train
16849,train
16851,train
16852,train
16853,train
16855,train
16856,train
16860,train
16861,train
16862,train
16863,train
16864,train
16865,train
16867,train
16869,train
16870,train
16871,train
16872,train
16873,train
16874,train
16877,train
16878,train
16880,train
16881,train
16882,train
16885,train
16886,train
16889,train
16890,train
16891,train
16892,train
16893,train
16895,train
16896,train
16898,train
16899,train
16900,train
16902,train
16904,train
16905,train
16906,train
16907,train
16908,train
16909,train
16910,train
16911,train
16912,train
16914,train
16916,train
16917,train
16918,train
16919,train
16920,train
16921,train
16922,train
16924,train
16925,train
16926,train
16927,train
16928,train
16929,train
16930,train
16932,train
16933,train
16934,train
16935,train
16936,train
16938,train
16940,train
16941,train
16943,train
16944,train
16945,train
16946,train
16947,train
16951,train
16952,train
16954,train
16956,train
16958,train
16959,train
16960,train
16962,train
16963,train
16965,train
16966,train
16967,train
16968,train
16969,train
16970,train
16971,train
16973,train
16974,train
16978,train
16980,train
16981,train
16982,train
16984,train
16985,train
16987,train
16988,train
16989,train
16990,train
16992,train
16993,train
16995,train
16996,train
16997,train
16998,train
16999,train
17000,train
17001,train
17002,train
17003,train
17004,train
17007,train
17008,train
17010,train
17011,train
17012,train
17013,train
17014,train
17015,train
17017,train
17018,train
17019,train
17020,train
17023,train
17025,train
17026,train
17027,train
17028,train
17029,train
17030,train
17031,train
17032,train
17033,train
17035,train
17036,train
17039,train
17041,train
17043,train
17044,train
17045,train
17046,train
17047,train
17048,train
17050,train
17051,train
17052,train
17053,train
17054,train
17055,train
17056,train
17058,train
17059,train
17060,train
17062,train
17064,train
17066,train
17069,train
17070,train
17071,train
17072,train
17073,train
17074,train
17075,train
17077,train
17078,train
17079,train
17080,train
17081,train
17082,train
17083,train
17085,train
17086,train
17087,train
17088,train
17089,train
17092,train
17094,train
17095,train
17096,train
17097,train
17098,train
17099,train
17100,train
17102,train
17103,train
17104,train
17105,train
17106,train
17107,train
17108,train
17110,train
17111,train
17112,train
17114,train
17115,train
17117,train
17119,train
17120,train
17121,train
17122,train
17123,train
17125,train
17126,train
17127,train
17128,train
17129,train
17132,train
17133,train
17134,train
17137,train
17138,train
17139,train
17140,train
17141,train
17142,train
17144,train
17145,train
17146,train
17147,train
17149,train
17150,train
17151,train
17153,train
17154,train
17155,train
17156,train
17158,train
17159,train
17160,train
17166,train
17168,train
17169,train
17170,train
17171,train
17172,train
17174,train
17176,train
17178,train
17179,train
17181,train
17182,train
17183,train
17184,train
17186,train
17187,train
17188,train
17189,train
17190,train
17191,train
17193,train
17194,train
17195,train
17196,train
17197,train
17198,train
17199,train
17200,train
17201,train
17202,train
17203,train
17204,train
17206,train
17207,train
17208,train
17210,train
17211,train
17212,train
17213,train
17214,train
17217,train
17218,train
17222,train
17223,train
17225,train
17226,train
17227,train
17229,train
17232,train
17233,train
17235,train
17236,train
17237,train
17240,train
17241,train
17242,train
17244,train
17245,train
17246,train
17247,train
17248,train
17249,train
17250,train
17251,train
17252,train
17255,train
17256,train
17257,train
17258,train
17261,train
17262,train
17263,train
17264,train
17265,train
17266,train
17267,train
17268,train
17271,train
17273,train
17274,train
17275,train
17277,train
17278,train
17280,train
17281,train
17282,train
17283,train
17284,train
17286,train
17287,train
17288,train
17289,train
17290,train
17291,train
17293,train
17295,train
17297,train
17298,train
17299,train
17301,train
17302,train
17303,train
17304,train
17305,train
17306,train
17309,train
17311,train
17312,train
17313,train
17314,train
17315,train
17317,train
17320,train
17321,train
17322,train
17323,train
17324,train
17325,train
17326,train
17327,train
17329,train
17330,train
17331,train
17332,train
17333,train
17334,train
17336,train
17337,train
17338,train
17339,train
17341,train
17343,train
17344,train
17345,train
17346,train
17347,train
17348,train
17349,train
17351,train
17356,train
17357,train
17358,train
17359,train
17360,train
17361,train
17362,train
17363,train
17364,train
17365,train
17366,train
17367,train
17368,train
17369,train
17370,train
17371,train
17374,train
17375,train
17376,train
17379,train
17380,train
17381,train
17384,train
17388,train
17389,train
17390,train
17393,train
17394,train
17395,train
17396,train
17397,train
17398,train
17399,train
17401,train
17402,train
17404,train
17405,train
17406,train
17407,train
17408,train
17410,train
17413,train
17414,train
17415,train
17416,train
17417,train
17418,train
17419,train
17422,train
17423,train
17424,train
17425,train
17428,train
17430,train
17431,train
17432,train
17433,train
17435,train
17436,train
17437,train
17440,train
17441,train
17443,train
17444,train
17446,train
17447,train
17448,train
17450,train
17452,train
17454,train
17455,train
17456,train
17457,train
17458,train
17459,train
17460,train
17462,train
17464,train
17466,train
17469,train
17471,train
17472,train
17473,train
17476,train
17477,train
17479,train
17480,train
17483,train
17484,train
17485,train
17486,train
17487,train
17488,train
17489,train
17491,train
17493,train
17494,train
17495,train
17496,train
17497,train
17500,train
17501,train
17504,train
17505,train
17506,train
17507,train
17509,train
17510,train
17511,train
17512,train
17514,train
17515,train
17517,train
17518,train
17520,train
17523,train
17524,train
17525,train
17527,train
17530,train
17531,train
17532,train
17533,train
17536,train
17539,train
17543,train
17544,train
17546,train
17549,train
17551,train
17552,train
17554,train
17555,train
17556,train
17559,train
17561,train
17562,train
17564,train
17566,train
17567,train
17568,train
17569,train
17571,train
17572,train
17573,train
17574,train
17575,train
17576,train
17578,train
17580,train
17581,train
17583,train
17585,train
17586,train
17587,train
17589,train
17590,train
17592,train
17593,train
17594,train
17595,train
17598,train
17599,train
17600,train
17603,train
17604,train
17605,train
17607,train
17608,train
17609,train
17610,train
17612,train
17613,train
17614,train
17615,train
17616,train
17617,train
17618,train
17619,train
17620,train
17622,train
17623,train
17624,train
17625,train
17627,train
17628,train
17630,train
17631,train
17633,train
17634,train
17635,train
17636,train
17637,train
17638,train
17639,train
17641,train
17642,train
17643,train
17644,train
17645,train
17646,train
17649,train
17650,train
17651,train
17653,train
17654,train
17659,train
17661,train
17662,train
17663,train
17664,train
17667,train
17668,train
17669,train
17671,train
17672,train
17673,train
17675,train
17676,train
17677,train
17678,train
17680,train
17681,train
17682,train
17683,train
17684,train
17685,train
17686,train
17688,train
17691,train
17692,train
17693,train
17694,train
17695,train
17696,train
17697,train
17699,train
17700,train
17703,train
17704,train
17705,train
17707,train
17708,train
17709,train
17714,train
17716,train
17717,train
17718,train
17719,train
17720,train
17722,train
17723,train
17724,train
17725,train
17726,train
17727,train
17728,train
17729,train
17731,train
17733,train
17734,train
17736,train
17739,train
17740,train
17741,train
17742,train
17743,train
17744,train
17746,train
17749,train
17750,train
17752,train
17753,train
17754,train
17756,train
17759,train
17761,train
17763,train
17765,train
17768,train
17771,train
17772,train
17773,train
17774,train
17775,train
17776,train
17778,train
17779,train
17780,train
17781,train
17783,train
17785,train
17786,train
17788,train
17791,train
17793,train
17794,train
17795,train
17797,train
17799,train
17800,train
17801,train
17802,train
17804,train
17805,train
17806,train
17807,train
17808,train
17810,train
17811,train
17812,train
17813,train
17814,train
17816,train
17818,train
17819,train
17821,train
17822,train
17825,train
17829,train
17831,train
17832,train
17833,train
17834,train
17836,train
17839,train
17840,train
17841,train
17842,train
17843,train
17844,train
17845,train
17848,train
17850,train
17851,train
17852,train
17853,train
17854,train
17856,train
17857,train
17858,train
17859,train
17860,train
17861,train
17862,train
17863,train
17864,train
17865,train
17866,train
17867,train
17868,train
17869,train
17870,train
17871,train
17872,train
17875,train
17876,train
17877,train
17879,train
17882,train
17883,train
17886,train
17887,train
17889,train
17890,train
17893,train
17894,train
17897,train
17898,train
17899,train
17900,train
17901,train
17902,train
17903,train
17905,train
17906,train
17910,train
17911,train
17912,train
17913,train
17915,train
17916,train
17917,train
17918,train
17920,train
17922,train
17923,train
17926,train
17930,train
17932,train
17933,train
17936,train
17938,train
17940,train
17941,train
17943,train
17944,train
17946,train
17947,train
17948,train
17949,train
17950,train
17951,train
17952,train
17953,train
17954,train
17955,train
17956,train
17959,train
17962,train
17963,train
17964,train
17966,train
17967,train
17969,train
17970,train
17972,train
17973,train
17974,train
17975,train
17976,train
17977,train
17978,train
17979,train
17981,train
17984,train
17986,train
17987,train
17988,train
17989,train
17990,train
17991,train
17994,train
17995,train
17998,train
17999,train
18000,train
18001,train
18004,train
18005,train
18008,train
18010,train
18012,train
18015,train
18016,train
18017,train
18019,train
18020,train
18021,train
18024,train
18025,train
18028,train
18029,train
18030,train
18031,train
18032,train
18033,train
18036,train
18038,train
18039,train
18040,train
18041,train
18043,train
18044,train
18045,train
18046,train
18048,train
18049,train
18050,train
18051,train
18052,train
18053,train
18054,train
18055,train
18056,train
18058,train
18059,train
18060,train
18061,train
18064,train
18065,train
18066,train
18067,train
18069,train
18071,train
18072,train
18073,train
18074,train
18075,train
18076,train
18078,train
18079,train
18080,train
18082,train
18084,train
18087,train
18089,train
18091,train
18092,train
18095,train
18096,train
18097,train
18100,train
18101,train
18103,train
18104,train
18106,train
18108,train
18109,train
18111,train
18113,train
18114,train
18115,train
18117,train
18118,train
18121,train
18123,train
18124,train
18126,train
18127,train
18128,train
18129,train
18130,train
18131,train
18133,train
18134,train
18136,train
18138,train
18139,train
18142,train
18143,train
18145,train
18148,train
18149,train
18151,train
18152,train
18153,train
18156,train
18157,train
18158,train
18159,train
18160,train
18161,train
18162,train
18163,train
18164,train
18165,train
18166,train
18168,train
18169,train
18170,train
18172,train
18173,train
18174,train
18175,train
18176,train
18177,train
18178,train
18179,train
18180,train
18181,train
18182,train
18183,train
18184,train
18185,train
18187,train
18189,train
18191,train
18193,train
18194,train
18197,train
18198,train
18200,train
18201,train
18203,train
18204,train
18206,train
18207,train
18208,train
18210,train
18212,train
18213,train
18214,train
18215,train
18216,train
18217,train
18219,train
18220,train
18221,train
18222,train
18223,train
18224,train
18225,train
18226,train
18227,train
18228,train
18229,train
18230,train
18231,train
18232,train
18233,train
18234,train
18236,train
18237,train
18238,train
18241,train
18242,train
18244,train
18245,train
18247,train
18250,train
18254,train
18255,train
18256,train
18257,train
18258,train
18260,train
18261,train
18262,train
18263,train
18266,train
18267,train
18269,train
18272,train
18274,train
18275,train
18277,train
18279,train
18280,train
18281,train
18282,train
18283,train
18285,train
18286,train
18287,train
18288,train
18290,train
18291,train
18292,train
18293,train
18294,train
18295,train
18297,train
18298,train
18299,train
18300,train
18301,train
18302,train
18303,train
18304,train
18305,train
18310,train
18312,train
18313,train
18314,train
18315,train
18316,train
18317,train
18318,train
18320,train
18321,train
18322,train
18323,train
18324,train
18325,train
18326,train
18328,train
18329,train
18331,train
18332,train
18334,train
18335,train
18336,train
18337,train
18339,train
18340,train
18343,train
18344,train
18345,train
18346,train
18347,train
18350,train
18351,train
18352,train
18353,train
18355,train
18356,train
18357,train
18359,train
18361,train
18362,train
18363,train
18364,train
18365,train
18366,train
18367,train
18370,train
18371,train
18372,train
18373,train
18376,train
18377,train
18379,train
18380,train
18381,train
18384,train
18385,train
18386,train
18390,train
18391,train
18393,train
18394,train
18396,train
18399,train
18401,train
18402,train
18403,train
18405,train
18406,train
18407,train
18410,train
18411,train
18412,train
18413,train
18414,train
18415,train
18416,train
18417,train
18420,train
18423,train
18425,train
18426,train
18427,train
18428,train
18429,train
18430,train
18431,train
18432,train
18433,train
18434,train
18437,train
18438,train
18440,train
18441,train
18442,train
18444,train
18445,train
18446,train
18447,train
18448,train
18450,train
18451,train
18452,train
18453,train
18454,train
18455,train
18458,train
18459,train
18460,train
18461,train
18462,train
18464,train
18468,train
18469,train
18470,train
18471,train
18473,train
18475,train
18476,train
18479,train
18481,train
18482,train
18483,train
18484,train
18485,train
18487,train
18489,train
18490,train
18491,train
18492,train
18495,train
18497,train
18499,train
18500,train
18501,train
18502,train
18504,train
18505,train
18508,train
18509,train
18510,train
18511,train
18513,train
18515,train
18518,train
18520,train
18522,train
18523,train
18524,train
18525,train
18526,train
18527,train
18530,train
18532,train
18533,train
18538,train
18540,train
18541,train
18544,train
18545,train
18546,train
18547,train
18550,train
18551,train
18552,train
18555,train
18558,train
18559,train
18560,train
18561,train
18563,train
18564,train
18565,train
18566,train
18567,train
18568,train
18569,train
18570,train
18571,train
18573,train
18574,train
18575,train
18577,train
18578,train
18579,train
18580,train
18581,train
18582,train
18583,train
18584,train
18585,train
18586,train
18588,train
18589,train
18590,train
18592,train
18593,train
18594,train
18595,train
18596,train
18597,train
18598,train
18599,train
18603,train
18605,train
18606,train
18607,train
18608,train
18610,train
18611,train
18612,train
18614,train
18616,train
18617,train
18618,train
18619,train
18620,train
18621,train
18622,train
18624,train
18625,train
18628,train
18629,train
18630,train
18632,train
18633,train
18634,train
18635,train
18636,train
18638,train
18639,train
18640,train
18641,train
18642,train
18643,train
18644,train
18645,train
18646,train
18648,train
18650,train
18652,train
18653,train
18654,train
18655,train
18658,train
18659,train
18661,train
18662,train
18663,train
18669,train
18672,train
18674,train
18675,train
18678,train
18680,train
18681,train
18683,train
18685,train
18686,train
18687,train
18688,train
18690,train
18691,train
18692,train
18693,train
18694,train
18696,train
18697,train
18699,train
18700,train
18701,train
18702,train
18703,train
18704,train
18705,train
18707,train
18708,train
18709,train
18710,train
18711,train
18712,train
18713,train
18714,train
18715,train
18719,train
18720,train
18723,train
18724,train
18726,train
18728,train
18729,train
18730,train
18731,train
18732,train
18734,train
18735,train
18737,train
18738,train
18739,train
18740,train
18741,train
18742,train
18743,train
18744,train
18746,train
18747,train
18749,train
18750,train
18752,train
18753,train
18754,train
18756,train
18757,train
18759,train
18760,train
18761,train
18762,train
18764,train
18766,train
18768,train
18769,train
18770,train
18772,train
18773,train
18774,train
18775,train
18778,train
18779,train
18781,train
18783,train
18785,train
18786,train
18790,train
18791,train
18792,train
18793,train
18794,train
18796,train
18801,train
18803,train
18804,train
18806,train
18807,train
18810,train
18811,train
18812,train
18814,train
18815,train
18816,train
18817,train
18818,train
18819,train
18821,train
18823,train
18825,train
18826,train
18827,train
18828,train
18829,train
18831,train
18834,train
18835,train
18838,train
18841,train
18842,train
18844,train
18845,train
18846,train
18848,train
18849,train
18850,train
18851,train
18852,train
18853,train
18854,train
18855,train
18860,train
18861,train
18863,train
18866,train
18867,train
18869,train
18873,train
18874,train
18877,train
18878,train
18880,train
18881,train
18882,train
18884,train
18885,train
18887,train
18888,train
18889,train
18890,train
18891,train
18892,train
18893,train
18895,train
18896,train
18898,train
18902,train
18906,train
18907,train
18909,train
18912,train
18913,train
18914,train
18919,train
18921,train
18922,train
18923,train
18925,train
18926,train
18929,train
18931,train
18932,train
18935,train
18936,train
18937,train
18938,train
18939,train
18940,train
18941,train
18942,train
18943,train
18944,train
18945,train
18946,train
18947,train
18950,train
18951,train
18952,train
18953,train
18954,train
18955,train
18956,train
18957,train
18958,train
18959,train
18960,train
18961,train
18962,train
18963,train
18964,train
18965,train
18966,train
18967,train
18968,train
18970,train
18972,train
18973,train
18974,train
18975,train
18976,train
18977,train
18978,train
18979,train
18980,train
18982,train
18983,train
18984,train
18985,train
18987,train
18991,train
18992,train
18995,train
18996,train
18999,train
19001,train
19002,train
19004,train
19006,train
19007,train
19008,train
19010,train
19011,train
19012,train
19013,train
19014,train
19016,train
19017,train
19018,train
19019,train
19020,train
19023,train
19024,train
19025,train
19026,train
19028,train
19029,train
19031,train
19032,train
19033,train
19034,train
19035,train
19037,train
19038,train
19039,train
19041,train
19042,train
19043,train
19045,train
19046,train
19048,train
19050,train
19051,train
19053,train
19054,train
19055,train
19056,train
19057,train
19058,train
19059,train
19060,train
19061,train
19062,train
19063,train
19064,train
19066,train
19067,train
19068,train
19070,train
19072,train
19073,train
19074,train
19075,train
19076,train
19077,train
19078,train
19081,train
19082,train
19083,train
19084,train
19085,train
19086,train
19087,train
19088,train
19089,train
19090,train
19092,train
19093,train
19094,train
19095,train
19096,train
19097,train
19099,train
19104,train
19105,train
19106,train
19108,train
19112,train
19113,train
19115,train
19116,train
19117,train
19118,train
19119,train
19120,train
19121,train
19122,train
19124,train
19125,train
19126,train
19127,train
19128,train
19129,train
19131,train
19132,train
19133,train
19136,train
19137,train
19139,train
19142,train
19143,train
19144,train
19145,train
19146,train
19147,train
19148,train
19149,train
19150,train
19152,train
19153,train
19158,train
19160,train
19161,train
19163,train
19165,train
19167,train
19168,train
19169,train
19171,train
19172,train
19174,train
19175,train
19177,train
19178,train
19180,train
19181,train
19182,train
19184,train
19185,train
19186,train
19187,train
19188,train
19189,train
19192,train
19193,train
19194,train
19195,train
19196,train
19198,train
19199,train
19200,train
19202,train
19203,train
19204,train
19205,train
19206,train
19207,train
19209,train
19210,train
19211,train
19212,train
19213,train
19214,train
19215,train
19216,train
19217,train
19218,train
19219,train
19221,train
19223,train
19224,train
19225,train
19226,train
19227,train
19229,train
19230,train
19231,train
19233,train
19234,train
19236,train
19239,train
19240,train
19241,train
19242,train
19243,train
19244,train
19246,train
19248,train
19250,train
19251,train
19252,train
19253,train
19254,train
19255,train
19258,train
19259,train
19260,train
19261,train
19263,train
19265,train
19266,train
19268,train
19269,train
19270,train
19273,train
19274,train
19276,train
19277,train
19278,train
19281,train
19282,train
19283,train
19284,train
19285,train
19286,train
19288,train
19289,train
19290,train
19292,train
19293,train
19294,train
19297,train
19299,train
19300,train
19301,train
19302,train
19303,train
19305,train
19306,train
19308,train
19309,train
19310,train
19312,train
19313,train
19314,train
19315,train
19316,train
19318,train
19319,train
19320,train
19322,train
19323,train
19324,train
19325,train
19326,train
19329,train
19330,train
19331,train
19332,train
19334,train
19335,train
19336,train
19338,train
19341,train
19343,train
19344,train
19345,train
19346,train
19347,train
19349,train
19350,train
19353,train
19355,train
19356,train
19357,train
19358,train
19361,train
19362,train
19364,train
19365,train
19366,train
19368,train
19370,train
19371,train
19372,train
19373,train
19375,train
19376,train
19377,train
19378,train
19381,train
19382,train
19384,train
19385,train
19386,train
19389,train
19390,train
19391,train
19393,train
19395,train
19398,train
19399,train
19400,train
19401,train
19402,train
19403,train
19404,train
19405,train
19407,train
19408,train
19409,train
19410,train
19411,train
19412,train
19413,train
19414,train
19415,train
19416,train
19417,train
19419,train
19421,train
19422,train
19423,train
19424,train
19428,train
19430,train
19431,train
19432,train
19435,train
19438,train
19440,train
19441,train
19443,train
19444,train
19445,train
19446,train
19447,train
19448,train
19449,train
19450,train
19452,train
19453,train
19458,train
19459,train
19460,train
19461,train
19462,train
19463,train
19464,train
19466,train
19467,train
19469,train
19471,train
19472,train
19474,train
19475,train
19476,train
19477,train
19480,train
19481,train
19482,train
19484,train
19485,train
19486,train
19487,train
19488,train
19489,train
19490,train
19492,train
19493,train
19496,train
19497,train
19498,train
19499,train
19502,train
19503,train
19504,train
19505,train
19507,train
19508,train
19510,train
19511,train
19512,train
19515,train
19516,train
19520,train
19523,train
19524,train
19527,train
19529,train
19530,train
19531,train
19532,train
19533,train
19535,train
19536,train
19537,train
19539,train
19540,train
19541,train
19542,train
19543,train
19544,train
19545,train
19546,train
19547,train
19548,train
19550,train
19551,train
19552,train
19553,train
19554,train
19556,train
19558,train
19559,train
19564,train
19567,train
19568,train
19569,train
19573,train
19574,train
19575,train
19576,train
19577,train
19579,train
19580,train
19581,train
19582,train
19583,train
19584,train
19585,train
19586,train
19588,train
19590,train
19591,train
19592,train
19594,train
19595,train
19596,train
19597,train
19598,train
19600,train
19601,train
19602,train
19604,train
19605,train
19607,train
19608,train
19610,train
19612,train
19613,train
19614,train
19615,train
19616,train
19620,train
19621,train
19622,train
19624,train
19625,train
19626,train
19627,train
19628,train
19630,train
19631,train
19632,train
19633,train
19635,train
19636,train
19639,train
19641,train
19643,train
19644,train
19645,train
19646,train
19648,train
19650,train
19651,train
19652,train
19653,train
19656,train
19657,train
19658,train
19659,train
19660,train
19661,train
19663,train
19664,train
19665,train
19666,train
19667,train
19668,train
19669,train
19670,train
19673,train
19674,train
19676,train
19678,train
19679,train
19680,train
19682,train
19683,train
19684,train
19685,train
19686,train
19687,train
19688,train
19689,train
19690,train
19693,train
19694,train
19695,train
19696,train
19697,train
19698,train
19699,train
19700,train
19701,train
19702,train
19704,train
19705,train
19706,train
19709,train
19710,train
19712,train
19713,train
19714,train
19715,train
19717,train
19718,train
19719,train
19720,train
19723,train
19724,train
19725,train
19727,train
19728,train
19730,train
19731,train
19732,train
19733,train
19734,train
19735,train
19736,train
19737,train
19738,train
19739,train
19740,train
19742,train
19743,train
19744,train
19745,train
19746,train
19748,train
19750,train
19752,train
19753,train
19754,train
19755,train
19756,train
19757,train
19758,train
19759,train
19761,train
19763,train
19764,train
19766,train
19767,train
19768,train
19769,train
19770,train
19773,train
19774,train
19775,train
19776,train
19778,train
19779,train
19782,train
19783,train
19786,train
19788,train
19791,train
19792,train
19793,train
19794,train
19796,train
19797,train
19799,train
19800,train
19804,train
19806,train
19808,train
19809,train
19811,train
19814,train
19815,train
19817,train
19818,train
19820,train
19821,train
19822,train
19823,train
19824,train
19825,train
19826,train
19827,train
19829,train
19830,train
19831,train
19832,train
19834,train
19836,train
19838,train
19839,train
19841,train
19842,train
19843,train
19844,train
19846,train
19847,train
19848,train
19850,train
19852,train
19854,train
19856,train
19857,train
19858,train
19859,train
19860,train
19861,train
19862,train
19863,train
19865,train
19867,train
19868,train
19870,train
19871,train
19872,train
19873,train
19874,train
19875,train
19876,train
19879,train
19880,train
19881,train
19883,train
19884,train
19885,train
19887,train
19889,train
19890,train
19891,train
19892,train
19893,train
19895,train
19896,train
19897,train
19899,train
19901,train
19902,train
19903,train
19905,train
19907,train
19909,train
19910,train
19912,train
19913,train
19914,train
19915,train
19917,train
19918,train
19919,train
19921,train
19922,train
19924,train
19925,train
19926,train
19927,train
19928,train
19929,train
19930,train
19931,train
19932,train
19935,train
19936,train
19937,train
19938,train
19939,train
19940,train
19941,train
19942,train
19943,train
19946,train
19947,train
19948,train
19950,train
19951,train
19952,train
19954,train
19955,train
19956,train
19957,train
19959,train
19960,train
19963,train
19965,train
19966,train
19969,train
19970,train
19971,train
19972,train
19973,train
19974,train
19975,train
19976,train
19977,train
19979,train
19980,train
19982,train
19983,train
19984,train
19988,train
19989,train
19990,train
19991,train
19992,train
19993,train
19994,train
19995,train
19999,train
20000,train
20003,train
20004,train
20005,train
20007,train
20008,train
20009,train
20010,train
20012,train
20013,train
20014,train
20015,train
20017,train
20019,train
20020,train
20021,train
20022,train
20023,train
20024,train
20025,train
20026,train
20027,train
20029,train
20030,train
20031,train
20036,train
20040,train
20041,train
20042,train
20043,train
20044,train
20045,train
20046,train
20047,train
20048,train
20050,train
20051,train
20053,train
20054,train
20055,train
20057,train
20058,train
20060,train
20061,train
20063,train
20064,train
20066,train
20067,train
20068,train
20073,train
20074,train
20075,train
20076,train
20077,train
20078,train
20079,train
20080,train
20081,train
20082,train
20085,train
20086,train
20087,train
20088,train
20091,train
20092,train
20093,train
20094,train
20095,train
20096,train
20097,train
20098,train
20099,train
20103,train
20104,train
20105,train
20107,train
20108,train
20110,train
20113,train
20116,train
20117,train
20118,train
20119,train
20120,train
20121,train
20122,train
20124,train
20125,train
20126,train
20127,train
20128,train
20129,train
20130,train
20131,train
20132,train
20133,train
20134,train
20135,train
20136,train
20137,train
20138,train
20141,train
20142,train
20145,train
20146,train
20148,train
20149,train
20150,train
20151,train
20152,train
20155,train
20157,train
20159,train
20160,train
20162,train
20165,train
20168,train
20170,train
20171,train
20172,train
20173,train
20174,train
20175,train
20176,train
20177,train
20178,train
20179,train
20181,train
20182,train
20186,train
20187,train
20188,train
20190,train
20191,train
20193,train
20194,train
20195,train
20196,train
20198,train
20199,train
20204,train
20205,train
20207,train
20208,train
20209,train
20210,train
20213,train
20214,train
20215,train
20216,train
20217,train
20218,train
20220,train
20221,train
20222,train
20223,train
20224,train
20225,train
20226,train
20229,train
20230,train
20231,train
20232,train
20233,train
20234,train
20235,train
20237,train
20238,train
20239,train
20241,train
20242,train
20244,train
20245,train
20246,train
20247,train
20248,train
20249,train
20250,train
20251,train
20253,train
20255,train
20256,train
20258,train
20259,train
20260,train
20261,train
20262,train
20263,train
20264,train
20266,train
20267,train
20268,train
20270,train
20271,train
20272,train
20274,train
20275,train
20276,train
20278,train
20281,train
20282,train
20283,train
20284,train
20285,train
20286,train
20287,train
20288,train
20289,train
20291,train
20292,train
20293,train
20294,train
20298,train
20299,train
20300,train
20302,train
20305,train
20307,train
20308,train
20309,train
20310,train
20311,train
20312,train
20313,train
20314,train
20315,train
20316,train
20317,train
20318,train
20320,train
20323,train
20324,train
20325,train
20326,train
20327,train
20329,train
20330,train
20331,train
20332,train
20333,train
20334,train
20336,train
20337,train
20338,train
20339,train
20340,train
20341,train
20342,train
20343,train
20344,train
20345,train
20347,train
20348,train
20349,train
20350,train
20352,train
20353,train
20354,train
20355,train
20356,train
20357,train
20358,train
20359,train
20360,train
20361,train
20362,train
20363,train
20364,train
20365,train
20366,train
20367,train
20370,train
20371,train
20372,train
20373,train
20374,train
20375,train
20376,train
20377,train
20378,train
20379,train
20381,train
20382,train
20383,train
20385,train
20387,train
20388,train
20389,train
20390,train
20391,train
20393,train
20394,train
20395,train
20396,train
20397,train
20400,train
20401,train
20402,train
20403,train
20404,train
20405,train
20406,train
20410,train
20411,train
20412,train
20413,train
20414,train
20415,train
20416,train
20420,train
20421,train
20422,train
20423,train
20424,train
20425,train
20426,train
20427,train
20428,train
20429,train
20430,train
20431,train
20433,train
20434,train
20436,train
20437,train
20439,train
20441,train
20442,train
20443,train
20444,train
20445,train
20446,train
20447,train
20448,train
20449,train
20453,train
20454,train
20455,train
20456,train
20457,train
20460,train
20461,train
20462,train
20463,train
20464,train
20465,train
20466,train
20467,train
20468,train
20471,train
20472,train
20480,train
20481,train
20482,train
20483,train
20484,train
20486,train
20487,train
20491,train
20493,train
20494,train
20495,train
20496,train
20497,train
20501,train
20505,train
20506,train
20507,train
20508,train
20509,train
20510,train
20511,train
20512,train
20513,train
20514,train
20515,train
20516,train
20517,train
20518,train
20520,train
20521,train
20522,train
20524,train
20525,train
20528,train
20530,train
20531,train
20532,train
20533,train
20535,train
20537,train
20538,train
20539,train
20540,train
20542,train
20543,train
20544,train
20545,train
20546,train
20547,train
20548,train
20549,train
20550,train
20552,train
20553,train
20554,train
20555,train
20556,train
20557,train
20559,train
20560,train
20561,train
20562,train
20563,train
20564,train
20565,train
20567,train
20568,train
20571,train
20572,train
20573,train
20574,train
20575,train
20576,train
20578,train
20579,train
20581,train
20582,train
20583,train
20585,train
20586,train
20588,train
20589,train
20590,train
20592,train
20595,train
20596,train
20597,train
20598,train
20599,train
20600,train
20601,train
20602,train
20603,train
20604,train
20606,train
20607,train
20608,train
20609,train
20610,train
20611,train
20613,train
20614,train
20616,train
20617,train
20618,train
20619,train
20620,train
20621,train
20622,train
20624,train
20626,train
20627,train
20629,train
20633,train
20634,train
20635,train
20637,train
20639,train
20640,train
20643,train
20644,train
20645,train
20646,train
20647,train
20648,train
20649,train
20651,train
20652,train
20654,train
20655,train
20656,train
20657,train
20658,train
20660,train
20661,train
20662,train
20663,train
20664,train
20665,train
20666,train
20669,train
20670,train
20671,train
20673,train
20674,train
20675,train
20676,train
20677,train
20678,train
20679,train
20681,train
20682,train
20683,train
20684,train
20685,train
20690,train
20691,train
20692,train
20694,train
20696,train
20697,train
20698,train
20699,train
20701,train
20702,train
20703,train
20704,train
20705,train
20706,train
20707,train
20708,train
20710,train
20711,train
20712,train
20715,train
20717,train
20718,train
20719,train
20721,train
20722,train
20723,train
20724,train
20725,train
20727,train
20728,train
20729,train
20731,train
20733,train
20735,train
20736,train
20738,train
20739,train
20740,train
20741,train
20745,train
20746,train
20748,train
20749,train
20750,train
20751,train
20752,train
20753,train
20754,train
20756,train
20757,train
20758,train
20759,train
20761,train
20762,train
20763,train
20764,train
20765,train
20766,train
20767,train
20768,train
20769,train
20770,train
20772,train
20773,train
20774,train
20777,train
20778,train
20779,train
20782,train
20783,train
20784,train
20785,train
20786,train
20787,train
20790,train
20791,train
20793,train
20794,train
20795,train
20798,train
20799,train
20800,train
20801,train
20802,train
20804,train
20806,train
20809,train
20810,train
20812,train
20814,train
20816,train
20818,train
20819,train
20820,train
20821,train
20822,train
20823,train
20824,train
20825,train
20826,train
20828,train
20830,train
20832,train
20833,train
20834,train
20836,train
20840,train
20841,train
20842,train
20848,train
20851,train
20852,train
20853,train
20854,train
20856,train
20857,train
20858,train
20859,train
20860,train
20862,train
20863,train
20864,train
20866,train
20867,train
20869,train
20871,train
20872,train
20873,train
20875,train
20876,train
20877,train
20878,train
20879,train
20881,train
20885,train
20887,train
20888,train
20889,train
20890,train
20892,train
20894,train
20896,train
20897,train
20899,train
20901,train
20902,train
20904,train
20905,train
20907,train
20909,train
20910,train
20912,train
20913,train
20915,train
20916,train
20917,train
20919,train
20920,train
20921,train
20922,train
20923,train
20924,train
20926,train
20927,train
20928,train
20930,train
20931,train
20933,train
20935,train
20936,train
20937,train
20939,train
20940,train
20941,train
20942,train
20943,train
20944,train
20945,train
20946,train
20947,train
20948,train
20950,train
20951,train
20953,train
20954,train
20955,train
20956,train
20957,train
20958,train
20959,train
20960,train
20961,train
20962,train
20963,train
20964,train
20965,train
20966,train
20968,train
20971,train
20974,train
20975,train
20976,train
20977,train
20978,train
20980,train
20982,train
20983,train
20986,train
20987,train
20988,train
20989,train
20990,train
20993,train
20994,train
20995,train
20996,train
20997,train
20999,train
21000,train
21001,train
21002,train
21003,train
21005,train
21006,train
21007,train
21008,train
21009,train
21011,train
21012,train
21013,train
21014,train
21015,train
21016,train
21020,train
21021,train
21022,train
21024,train
21026,train
21028,train
21029,train
21030,train
21032,train
21033,train
21035,train
21036,train
21038,train
21039,train
21040,train
21041,train
21042,train
21043,train
21044,train
21045,train
21046,train
21047,train
21049,train
21052,train
21055,train
21056,train
21059,train
21062,train
21063,train
21065,train
21066,train
21068,train
21069,train
21070,train
21071,train
21073,train
21075,train
21076,train
21077,train
21078,train
21080,train
21084,train
21085,train
21086,train
21087,train
21088,train
21089,train
21090,train
21092,train
21094,train
21096,train
21097,train
21098,train
21101,train
21102,train
21104,train
21105,train
21107,train
21108,train
21109,train
21112,train
21114,train
21115,train
21117,train
21118,train
21119,train
21120,train
21121,train
21122,train
21125,train
21126,train
21128,train
21129,train
21130,train
21132,train
21133,train
21134,train
21135,train
21136,train
21137,train
21138,train
21140,train
21141,train
21142,train
21143,train
21146,train
21147,train
21148,train
21149,train
21152,train
21153,train
21154,train
21156,train
21157,train
21159,train
21161,train
21162,train
21165,train
21166,train
21167,train
21169,train
21170,train
21171,train
21172,train
21173,train
21174,train
21175,train
21176,train
21177,train
21178,train
21179,train
21180,train
21181,train
21182,train
21185,train
21188,train
21189,train
21192,train
21193,train
21195,train
21196,train
21197,train
21198,train
21199,train
21200,train
21201,train
21204,train
21205,train
21206,train
21207,train
21209,train
21210,train
21211,train
21213,train
21215,train
21216,train
21218,train
21219,train
21224,train
21225,train
21226,train
21227,train
21228,train
21229,train
21230,train
21231,train
21232,train
21233,train
21234,train
21236,train
21237,train
21238,train
21241,train
21242,train
21244,train
21245,train
21246,train
21247,train
21248,train
21250,train
21254,train
21256,train
21257,train
21259,train
21260,train
21261,train
21262,train
21263,train
21264,train
21265,train
21266,train
21268,train
21270,train
21271,train
21272,train
21273,train
21275,train
21276,train
21277,train
21278,train
21279,train
21281,train
21282,train
21283,train
21286,train
21287,train
21288,train
21289,train
21291,train
21292,train
21293,train
21294,train
21295,train
21296,train
21297,train
21299,train
21301,train
21302,train
21303,train
21304,train
21305,train
21306,train
21308,train
21309,train
21311,train
21312,train
21313,train
21315,train
21317,train
21318,train
21319,train
21321,train
21325,train
21326,train
21327,train
21330,train
21331,train
21332,train
21333,train
21334,train
21336,train
21337,train
21339,train
21340,train
21341,train
21342,train
21343,train
21345,train
21346,train
21347,train
21348,train
21349,train
21350,train
21352,train
21353,train
21354,train
21355,train
21356,train
21358,train
21359,train
21360,train
21361,train
21362,train
21365,train
21366,train
21368,train
21369,train
21371,train
21372,train
21373,train
21374,train
21375,train
21376,train
21377,train
21378,train
21379,train
21382,train
21384,train
21387,train
21388,train
21389,train
21390,train
21391,train
21393,train
21394,train
21396,train
21397,train
21399,train
21400,train
21401,train
21402,train
21404,train
21405,train
21406,train
21407,train
21412,train
21413,train
21416,train
21417,train
21419,train
21420,train
21422,train
21423,train
21426,train
21428,train
21429,train
21431,train
21433,train
21434,train
21435,train
21436,train
21437,train
21438,train
21439,train
21440,train
21441,train
21442,train
21443,train
21445,train
21446,train
21448,train
21449,train
21452,train
21453,train
21454,train
21456,train
21458,train
21459,train
21461,train
21463,train
21464,train
21465,train
21466,train
21467,train
21468,train
21469,train
21470,train
21471,train
21472,train
21473,train
21474,train
21475,train
21476,train
21477,train
21478,train
21479,train
21481,train
21482,train
21483,train
21486,train
21487,train
21488,train
21489,train
21491,train
21492,train
21493,train
21494,train
21496,train
21497,train
21498,train
21500,train
21501,train
21502,train
21505,train
21507,train
21508,train
21509,train
21510,train
21511,train
21514,train
21515,train
21516,train
21517,train
21518,train
21519,train
21521,train
21522,train
21523,train
21524,train
21525,train
21526,train
21527,train
21528,train
21529,train
21533,train
21535,train
21536,train
21539,train
21540,train
21541,train
21542,train
21544,train
21546,train
21547,train
21549,train
21550,train
21551,train
21553,train
21555,train
21556,train
21557,train
21558,train
21560,train
21561,train
21563,train
21564,train
21566,train
21567,train
21569,train
21570,train
21571,train
21572,train
21573,train
21574,train
21575,train
21576,train
21577,train
21579,train
21582,train
21583,train
21585,train
21586,train
21587,train
21588,train
21589,train
21592,train
21593,train
21594,train
21595,train
21596,train
21597,train
21599,train
21600,train
21601,train
21603,train
21607,train
21608,train
21609,train
21612,train
21615,train
21616,train
21617,train
21621,train
21622,train
21623,train
21626,train
21627,train
21630,train
21631,train
21632,train
21633,train
21634,train
21635,train
21636,train
21637,train
21638,train
21639,train
21641,train
21642,train
21645,train
21647,train
21649,train
21650,train
21651,train
21652,train
21653,train
21655,train
21656,train
21657,train
21659,train
21660,train
21662,train
21665,train
21666,train
21667,train
21670,train
21672,train
21674,train
21675,train
21676,train
21678,train
21681,train
21682,train
21683,train
21684,train
21685,train
21688,train
21689,train
21690,train
21691,train
21693,train
21696,train
21698,train
21699,train
21700,train
21703,train
21704,train
21706,train
21707,train
21710,train
21711,train
21712,train
21714,train
21715,train
21717,train
21718,train
21719,train
21720,train
21724,train
21725,train
21726,train
21727,train
21728,train
21729,train
21730,train
21731,train
21732,train
21733,train
21734,train
21735,train
21736,train
21737,train
21739,train
21740,train
21741,train
21745,train
21746,train
21747,train
21748,train
21749,train
21750,train
21751,train
21752,train
21753,train
21754,train
21755,train
21756,train
21759,train
21761,train
21762,train
21763,train
21764,train
21765,train
21766,train
21769,train
21771,train
21772,train
21773,train
21774,train
21777,train
21778,train
21779,train
21782,train
21783,train
21784,train
21785,train
21787,train
21789,train
21790,train
21791,train
21792,train
21793,train
21794,train
21796,train
21798,train
21800,train
21801,train
21802,train
21803,train
21804,train
21805,train
21808,train
21809,train
21810,train
21812,train
21815,train
21818,train
21819,train
21820,train
21822,train
21825,train
21827,train
21829,train
21830,train
21831,train
21832,train
21833,train
21834,train
21835,train
21838,train
21839,train
21840,train
21841,train
21842,train
21844,train
21845,train
21846,train
21847,train
21848,train
21849,train
21850,train
21851,train
21855,train
21857,train
21858,train
21859,train
21860,train
21861,train
21862,train
21863,train
21864,train
21865,train
21866,train
21867,train
21868,train
21869,train
21871,train
21873,train
21874,train
21875,train
21876,train
21877,train
21878,train
21879,train
21880,train
21882,train
21883,train
21886,train
21888,train
21889,train
21890,train
21891,train
21892,train
21894,train
21897,train
21898,train
21899,train
21900,train
21902,train
21903,train
21905,train
21906,train
21907,train
21908,train
21909,train
21911,train
21912,train
21913,train
21915,train
21916,train
21917,train
21918,train
21919,train
21920,train
21921,train
21922,train
21924,train
21925,train
21926,train
21928,train
21929,train
21931,train
21932,train
21933,train
21934,train
21936,train
21937,train
21939,train
21940,train
21943,train
21944,train
21945,train
21948,train
21950,train
21951,train
21954,train
21957,train
21960,train
21961,train
21963,train
21964,train
21965,train
21967,train
21968,train
21970,train
21972,train
21973,train
21974,train
21975,train
21976,train
21977,train
21978,train
21979,train
21980,train
21982,train
21986,train
21987,train
21988,train
21989,train
21992,train
21993,train
21995,train
21996,train
21997,train
21999,train
22000,train
22001,train
22002,train
22004,train
22005,train
22006,train
22007,train
22009,train
22010,train
22011,train
22013,train
22014,train
22015,train
22016,train
22017,train
22018,train
22019,train
22020,train
22021,train
22022,train
22023,train
22024,train
22025,train
22027,train
22028,train
22029,train
22030,train
22031,train
22032,train
22034,train
22037,train
22038,train
22039,train
22040,train
22041,train
22042,train
22043,train
22044,train
22046,train
22048,train
22051,train
22052,train
22053,train
22055,train
22056,train
22059,train
22060,train
22061,train
22063,train
22064,train
22066,train
22069,train
22070,train
22071,train
22072,train
22073,train
22075,train
22076,train
22077,train
22078,train
22079,train
22080,train
22084,train
22085,train
22086,train
22088,train
22089,train
22090,train
22092,train
22093,train
22094,train
22096,train
22099,train
22100,train
22103,train
22105,train
22107,train
22108,train
22113,train
22114,train
22115,train
22116,train
22117,train
22118,train
22119,train
22121,train
22122,train
22123,train
22125,train
22127,train
22129,train
22130,train
22133,train
22134,train
22135,train
22136,train
22139,train
22141,train
22142,train
22143,train
22144,train
22145,train
22146,train
22147,train
22148,train
22150,train
22151,train
22153,train
22154,train
22155,train
22157,train
22160,train
22161,train
22164,train
22165,train
22167,train
22168,train
22169,train
22170,train
22171,train
22172,train
22173,train
22176,train
22177,train
22180,train
22181,train
22182,train
22183,train
22184,train
22185,train
22186,train
22187,train
22189,train
22190,train
22191,train
22192,train
22193,train
22194,train
22195,train
22196,train
22197,train
22198,train
22199,train
22200,train
22201,train
22202,train
22203,train
22204,train
22206,train
22207,train
22208,train
22209,train
22210,train
22213,train
22215,train
22216,train
22218,train
22220,train
22221,train
22223,train
22224,train
22225,train
22226,train
22228,train
22229,train
22231,train
22234,train
22236,train
22237,train
22238,train
22239,train
22241,train
22246,train
22248,train
22249,train
22250,train
22251,train
22252,train
22253,train
22261,train
22262,train
22263,train
22264,train
22265,train
22269,train
22270,train
22271,train
22274,train
22277,train
22278,train
22279,train
22280,train
22282,train
22284,train
22285,train
22286,train
22288,train
22289,train
22290,train
22291,train
22294,train
22295,train
22296,train
22297,train
22300,train
22301,train
22302,train
22304,train
22305,train
22307,train
22308,train
22309,train
22310,train
22311,train
22312,train
22313,train
22314,train
22315,train
22316,train
22318,train
22319,train
22320,train
22321,train
22322,train
22324,train
22325,train
22326,train
22327,train
22328,train
22330,train
22331,train
22332,train
22333,train
22335,train
22336,train
22337,train
22338,train
22339,train
22341,train
22342,train
22344,train
22345,train
22346,train
22347,train
22348,train
22349,train
22350,train
22351,train
22353,train
22356,train
22357,train
22358,train
22359,train
22361,train
22362,train
22363,train
22364,train
22366,train
22367,train
22370,train
22371,train
22372,train
22373,train
22375,train
22376,train
22377,train
22379,train
22380,train
22381,train
22383,train
22385,train
22388,train
22389,train
22392,train
22393,train
22394,train
22395,train
22396,train
22397,train
22398,train
22399,train
22400,train
22401,train
22402,train
22403,train
22404,train
22405,train
22406,train
22409,train
22410,train
22411,train
22412,train
22413,train
22415,train
22416,train
22418,train
22419,train
22420,train
22422,train
22423,train
22424,train
22425,train
22427,train
22428,train
22430,train
22432,train
22433,train
22434,train
22435,train
22436,train
22437,train
22438,train
22441,train
22442,train
22443,train
22444,train
22445,train
22446,train
22447,train
22448,train
22450,train
22451,train
22453,train
22454,train
22455,train
22456,train
22457,train
22459,train
22462,train
22463,train
22467,train
22468,train
22469,train
22470,train
22471,train
22474,train
22475,train
22476,train
22477,train
22479,train
22480,train
22482,train
22485,train
22487,train
22488,train
22490,train
22491,train
22493,train
22495,train
22496,train
22497,train
22498,train
22500,train
22501,train
22505,train
22506,train
22507,train
22508,train
22509,train
22510,train
22512,train
22513,train
22514,train
22515,train
22517,train
22518,train
22519,train
22521,train
22523,train
22524,train
22525,train
22526,train
22527,train
22528,train
22529,train
22530,train
22534,train
22535,train
22536,train
22540,train
22541,train
22542,train
22543,train
22544,train
22545,train
22546,train
22547,train
22548,train
22549,train
22554,train
22555,train
22556,train
22557,train
22558,train
22560,train
22561,train
22562,train
22565,train
22566,train
22567,train
22568,train
22569,train
22570,train
22571,train
22573,train
22574,train
22575,train
22577,train
22578,train
22582,train
22583,train
22584,train
22585,train
22586,train
22587,train
22588,train
22590,train
22591,train
22592,train
22593,train
22594,train
22595,train
22597,train
22598,train
22599,train
22600,train
22602,train
22603,train
22604,train
22610,train
22613,train
22614,train
22615,train
22617,train
22618,train
22619,train
22620,train
22621,train
22624,train
22625,train
22626,train
22627,train
22628,train
22629,train
22630,train
22631,train
22633,train
22634,train
22635,train
22637,train
22639,train
22640,train
22641,train
22642,train
22644,train
22646,train
22647,train
22648,train
22649,train
22650,train
22652,train
22653,train
22654,train
22657,train
22658,train
22661,train
22664,train
22665,train
22666,train
22667,train
22668,train
22669,train
22670,train
22672,train
22673,train
22674,train
22675,train
22678,train
22679,train
22681,train
22682,train
22683,train
22684,train
22685,train
22686,train
22687,train
22690,train
22691,train
22696,train
22697,train
22698,train
22699,train
22701,train
22702,train
22703,train
22704,train
22705,train
22706,train
22707,train
22708,train
22709,train
22710,train
22711,train
22712,train
22715,train
22717,train
22720,train
22721,train
22722,train
22723,train
22725,train
22726,train
22728,train
22729,train
22730,train
22731,train
22732,train
22734,train
22737,train
22738,train
22739,train
22740,train
22741,train
22743,train
22745,train
22749,train
22751,train
22752,train
22753,train
22755,train
22756,train
22757,train
22760,train
22761,train
22762,train
22763,train
22765,train
22767,train
22768,train
22770,train
22773,train
22774,train
22775,train
22778,train
22780,train
22781,train
22783,train
22785,train
22786,train
22787,train
22788,train
22789,train
22791,train
22793,train
22795,train
22796,train
22797,train
22798,train
22801,train
22803,train
22804,train
22805,train
22806,train
22808,train
22809,train
22810,train
22814,train
22815,train
22817,train
22818,train
22819,train
22820,train
22821,train
22822,train
22826,train
22827,train
22828,train
22829,train
22831,train
22833,train
22834,train
22836,train
22837,train
22838,train
22839,train
22842,train
22843,train
22845,train
22849,train
22850,train
22851,train
22852,train
22854,train
22856,train
22857,train
22858,train
22860,train
22861,train
22862,train
22863,train
22864,train
22865,train
22866,train
22867,train
22868,train
22869,train
22873,train
22874,train
22875,train
22881,train
22882,train
22883,train
22885,train
22887,train
22888,train
22889,train
22890,train
22891,train
22892,train
22893,train
22894,train
22897,train
22898,train
22900,train
22901,train
22902,train
22903,train
22904,train
22905,train
22907,train
22909,train
22910,train
22912,train
22913,train
22915,train
22916,train
22919,train
22922,train
22924,train
22925,train
22926,train
22927,train
22928,train
22929,train
22930,train
22931,train
22932,train
22933,train
22934,train
22935,train
22937,train
22940,train
22941,train
22945,train
22946,train
22947,train
22950,train
22951,train
22953,train
22955,train
22958,train
22961,train
22962,train
22964,train
22965,train
22966,train
22968,train
22972,train
22973,train
22974,train
22975,train
22978,train
22979,train
22981,train
22984,train
22987,train
22988,train
22989,train
22990,train
22991,train
22992,train
22993,train
22994,train
22995,train
22997,train
22998,train
22999,train
23000,train
23001,train
23002,train
23004,train
23005,train
23007,train
23010,train
23011,train
23013,train
23014,train
23018,train
23020,train
23022,train
23023,train
23025,train
23026,train
23028,train
23029,train
23031,train
23032,train
23033,train
23035,train
23036,train
23038,train
23039,train
23040,train
23042,train
23043,train
23044,train
23046,train
23048,train
23049,train
23050,train
23051,train
23052,train
23055,train
23056,train
23057,train
23059,train
23060,train
23062,train
23063,train
23064,train
23065,train
23066,train
23067,train
23068,train
23069,train
23070,train
23071,train
23072,train
23074,train
23075,train
23076,train
23077,train
23078,train
23079,train
23081,train
23082,train
23085,train
23089,train
23092,train
23093,train
23096,train
23097,train
23098,train
23100,train
23101,train
23103,train
23104,train
23105,train
23106,train
23107,train
23108,train
23110,train
23111,train
23112,train
23114,train
23115,train
23116,train
23117,train
23120,train
23121,train
23124,train
23126,train
23127,train
23128,train
23129,train
23130,train
23131,train
23133,train
23135,train
23138,train
23139,train
23140,train
23142,train
23143,train
23145,train
23146,train
23148,train
23150,train
23151,train
23152,train
23153,train
23154,train
23155,train
23156,train
23157,train
23158,train
23160,train
23161,train
23162,train
23163,train
23164,train
23165,train
23166,train
23167,train
23168,train
23169,train
23170,train
23171,train
23172,train
23173,train
23174,train
23175,train
23176,train
23178,train
23181,train
23183,train
23184,train
23185,train
23188,train
23189,train
23191,train
23192,train
23193,train
23194,train
23195,train
23196,train
23197,train
23198,train
23200,train
23202,train
23204,train
23205,train
23207,train
23209,train
23211,train
23212,train
23213,train
23214,train
23215,train
23216,train
23218,train
23219,train
23221,train
23223,train
23224,train
23226,train
23227,train
23228,train
23229,train
23230,train
23231,train
23234,train
23236,train
23239,train
23243,train
23244,train
23249,train
23250,train
23251,train
23253,train
23254,train
23255,train
23256,train
23258,train
23259,train
23260,train
23261,train
23264,train
23266,train
23267,train
23268,train
23270,train
23271,train
23273,train
23274,train
23276,train
23277,train
23278,train
23279,train
23280,train
23281,train
23282,train
23284,train
23285,train
23286,train
23288,train
23289,train
23290,train
23292,train
23294,train
23295,train
23296,train
23297,train
23298,train
23299,train
23300,train
23302,train
23304,train
23308,train
23309,train
23310,train
23311,train
23313,train
23314,train
23315,train
23316,train
23317,train
23318,train
23319,train
23321,train
23322,train
23323,train
23326,train
23327,train
23330,train
23332,train
23334,train
23336,train
23337,train
23341,train
23342,train
23343,train
23345,train
23346,train
23349,train
23352,train
23353,train
23354,train
23355,train
23356,train
23359,train
23360,train
23361,train
23362,train
23364,train
23366,train
23367,train
23368,train
23369,train
23370,train
23371,train
23372,train
23373,train
23378,train
23381,train
23382,train
23383,train
23384,train
23385,train
23386,train
23388,train
23389,train
23393,train
23394,train
23395,train
23396,train
23397,train
23399,train
23401,train
23402,train
23403,train
23405,train
23407,train
23408,train
23409,train
23411,train
23412,train
23414,train
23416,train
23417,train
23419,train
23420,train
23423,train
23426,train
23427,train
23429,train
23430,train
23431,train
23432,train
23433,train
23434,train
23436,train
23437,train
23438,train
23440,train
23443,train
23446,train
23447,train
23448,train
23449,train
23450,train
23453,train
23454,train
23456,train
23457,train
23458,train
23459,train
23463,train
23464,train
23465,train
23466,train
23469,train
23470,train
23471,train
23472,train
23473,train
23474,train
23476,train
23477,train
23478,train
23480,train
23481,train
23482,train
23483,train
23484,train
23485,train
23486,train
23487,train
23488,train
23490,train
23491,train
23493,train
23496,train
23497,train
23499,train
23502,train
23506,train
23507,train
23510,train
23511,train
23512,train
23513,train
23514,train
23516,train
23517,train
23518,train
23519,train
23521,train
23525,train
23526,train
23527,train
23528,train
23530,train
23531,train
23532,train
23533,train
23534,train
23536,train
23537,train
23538,train
23540,train
23541,train
23542,train
23544,train
23545,train
23546,train
23548,train
23549,train
23551,train
23552,train
23553,train
23555,train
23556,train
23557,train
23558,train
23559,train
23560,train
23561,train
23563,train
23564,train
23566,train
23568,train
23570,train
23572,train
23573,train
23575,train
23576,train
23577,train
23578,train
23579,train
23582,train
23584,train
23585,train
23587,train
23588,train
23591,train
23592,train
23593,train
23594,train
23595,train
23596,train
23597,train
23599,train
23601,train
23604,train
23606,train
23607,train
23609,train
23611,train
23612,train
23613,train
23614,train
23616,train
23617,train
23621,train
23622,train
23623,train
23625,train
23626,train
23627,train
23628,train
23629,train
23630,train
23631,train
23633,train
23634,train
23635,train
23636,train
23637,train
23638,train
23639,train
23640,train
23642,train
23643,train
23644,train
23645,train
23646,train
23647,train
23649,train
23650,train
23651,train
23653,train
23656,train
23657,train
23659,train
23661,train
23662,train
23663,train
23664,train
23665,train
23666,train
23667,train
23668,train
23670,train
23671,train
23672,train
23674,train
23675,train
23676,train
23677,train
23678,train
23679,train
23680,train
23681,train
23682,train
23683,train
23684,train
23686,train
23687,train
23689,train
23692,train
23693,train
23694,train
23696,train
23697,train
23698,train
23699,train
23701,train
23702,train
23703,train
23704,train
23705,train
23706,train
23707,train
23708,train
23709,train
23712,train
23713,train
23714,train
23715,train
23716,train
23718,train
23720,train
23721,train
23722,train
23724,train
23725,train
23726,train
23728,train
23729,train
23730,train
23731,train
23732,train
23733,train
23737,train
23738,train
23740,train
23741,train
23743,train
23744,train
23746,train
23747,train
23748,train
23750,train
23751,train
23752,train
23753,train
23754,train
23755,train
23757,train
23759,train
23760,train
23761,train
23762,train
23763,train
23764,train
23765,train
23767,train
23768,train
23770,train
23771,train
23773,train
23774,train
23775,train
23777,train
23781,train
23782,train
23783,train
23784,train
23785,train
23786,train
23788,train
23789,train
23790,train
23791,train
23792,train
23793,train
23794,train
23795,train
23796,train
23797,train
23798,train
23799,train
23800,train
23803,train
23805,train
23806,train
23807,train
23808,train
23810,train
23811,train
23812,train
23814,train
23815,train
23821,train
23822,train
23823,train
23826,train
23827,train
23829,train
23830,train
23831,train
23834,train
23835,train
23836,train
23837,train
23839,train
23840,train
23841,train
23842,train
23843,train
23844,train
23847,train
23848,train
23850,train
23851,train
23852,train
23853,train
23854,train
23855,train
23856,train
23858,train
23861,train
23862,train
23863,train
23864,train
23865,train
23866,train
23867,train
23868,train
23870,train
23871,train
23872,train
23873,train
23874,train
23875,train
23878,train
23879,train
23880,train
23881,train
23882,train
23887,train
23888,train
23889,train
23890,train
23891,train
23893,train
23894,train
23896,train
23897,train
23898,train
23899,train
23903,train
23904,train
23907,train
23908,train
23909,train
23910,train
23911,train
23912,train
23913,train
23914,train
23915,train
23916,train
23917,train
23918,train
23919,train
23920,train
23921,train
23922,train
23923,train
23924,train
23925,train
23926,train
23927,train
23928,train
23930,train
23931,train
23932,train
23933,train
23935,train
23937,train
23938,train
23939,train
23941,train
23942,train
23945,train
23947,train
23948,train
23949,train
23952,train
23953,train
23954,train
23955,train
23956,train
23959,train
23960,train
23963,train
23964,train
23965,train
23968,train
23970,train
23972,train
23973,train
23974,train
23975,train
23976,train
23978,train
23979,train
23982,train
23983,train
23984,train
23985,train
23986,train
23987,train
23988,train
23990,train
23991,train
23992,train
23994,train
23995,train
23996,train
23998,train
24001,train
24002,train
24003,train
24007,train
24008,train
24009,train
24011,train
24014,train
24015,train
24017,train
24018,train
24019,train
24021,train
24022,train
24023,train
24025,train
24026,train
24028,train
24030,train
24032,train
24033,train
24034,train
24035,train
24036,train
24037,train
24038,train
24039,train
24041,train
24042,train
24043,train
24044,train
24045,train
24046,train
24047,train
24048,train
24049,train
24050,train
24053,train
24054,train
24055,train
24057,train
24058,train
24059,train
24061,train
24062,train
24063,train
24064,train
24065,train
24071,train
24073,train
24074,train
24075,train
24076,train
24078,train
24079,train
24082,train
24083,train
24084,train
24085,train
24087,train
24088,train
24089,train
24090,train
24092,train
24093,train
24094,train
24095,train
24097,train
24098,train
24099,train
24100,train
24101,train
24102,train
24103,train
24104,train
24106,train
24107,train
24108,train
24110,train
24114,train
24115,train
24117,train
24118,train
24119,train
24122,train
24124,train
24126,train
24127,train
24129,train
24130,train
24131,train
24132,train
24133,train
24134,train
24136,train
24137,train
24138,train
24139,train
24140,train
24141,train
24143,train
24145,train
24146,train
24147,train
24149,train
24151,train
24152,train
24153,train
24154,train
24155,train
24156,train
24159,train
24160,train
24161,train
24162,train
24164,train
24166,train
24168,train
24171,train
24172,train
24174,train
24175,train
24176,train
24177,train
24178,train
24179,train
24180,train
24181,train
24182,train
24183,train
24184,train
24185,train
24186,train
24187,train
24188,train
24189,train
24190,train
24191,train
24193,train
24196,train
24197,train
24200,train
24201,train
24203,train
24204,train
24206,train
24209,train
24212,train
24215,train
24217,train
24218,train
24219,train
24221,train
24222,train
24226,train
24227,train
24230,train
24232,train
24234,train
24236,train
24238,train
24239,train
24240,train
24242,train
24243,train
24245,train
24247,train
24248,train
24249,train
24250,train
24251,train
24252,train
24253,train
24254,train
24255,train
24256,train
24257,train
24258,train
24259,train
24261,train
24262,train
24263,train
24266,train
24267,train
24269,train
24270,train
24271,train
24272,train
24273,train
24275,train
24276,train
24277,train
24278,train
24279,train
24281,train
24282,train
24283,train
24285,train
24286,train
24287,train
24288,train
24290,train
24291,train
24292,train
24293,train
24294,train
24296,train
24297,train
24298,train
24299,train
24300,train
24301,train
24302,train
24303,train
24304,train
24305,train
24307,train
24309,train
24310,train
24315,train
24316,train
24318,train
24321,train
24322,train
24323,train
24324,train
24325,train
24330,train
24331,train
24332,train
24334,train
24335,train
24336,train
24337,train
24338,train
24339,train
24341,train
24342,train
24343,train
24346,train
24347,train
24348,train
24349,train
24350,train
24351,train
24352,train
24354,train
24355,train
24356,train
24357,train
24358,train
24359,train
24361,train
24362,train
24363,train
24364,train
24365,train
24367,train
24369,train
24370,train
24371,train
24373,train
24374,train
24376,train
24377,train
24378,train
24380,train
24382,train
24384,train
24386,train
24387,train
24388,train
24389,train
24391,train
24393,train
24394,train
24395,train
24396,train
24400,train
24402,train
24403,train
24404,train
24405,train
24406,train
24410,train
24412,train
24413,train
24415,train
24416,train
24417,train
24418,train
24421,train
24424,train
24426,train
24429,train
24430,train
24432,train
24433,train
24434,train
24435,train
24436,train
24437,train
24438,train
24439,train
24443,train
24444,train
24445,train
24448,train
24451,train
24452,train
24453,train
24454,train
24456,train
24458,train
24459,train
24461,train
24462,train
24465,train
24466,train
24467,train
24468,train
24469,train
24470,train
24472,train
24473,train
24474,train
24475,train
24477,train
24478,train
24480,train
24485,train
24486,train
24487,train
24488,train
24489,train
24490,train
24493,train
24494,train
24495,train
24496,train
24498,train
24501,train
24502,train
24504,train
24505,train
24506,train
24507,train
24509,train
24510,train
24517,train
24518,train
24520,train
24522,train
24524,train
24525,train
24527,train
24528,train
24529,train
24530,train
24533,train
24534,train
24535,train
24536,train
24537,train
24538,train
24539,train
24542,train
24543,train
24544,train
24545,train
24550,train
24551,train
24553,train
24554,train
24556,train
24557,train
24558,train
24559,train
24560,train
24561,train
24563,train
24565,train
24566,train
24567,train
24568,train
24570,train
24571,train
24572,train
24573,train
24574,train
24575,train
24576,train
24579,train
24580,train
24581,train
24582,train
24584,train
24585,train
24587,train
24588,train
24589,train
24592,train
24593,train
24595,train
24596,train
24597,train
24598,train
24599,train
24600,train
24604,train
24605,train
24606,train
24607,train
24608,train
24609,train
24610,train
24611,train
24612,train
24613,train
24614,train
24616,train
24617,train
24618,train
24623,train
24629,train
24631,train
24633,train
24634,train
24636,train
24637,train
24638,train
24639,train
24640,train
24641,train
24642,train
24644,train
24645,train
24646,train
24649,train
24650,train
24652,train
24654,train
24655,train
24656,train
24657,train
24660,train
24661,train
24663,train
24664,train
24666,train
24668,train
24669,train
24671,train
24672,train
24673,train
24674,train
24676,train
24677,train
24678,train
24679,train
24680,train
24681,train
24682,train
24683,train
24684,train
24685,train
24686,train
24687,train
24688,train
24690,train
24691,train
24694,train
24696,train
24698,train
24699,train
24701,train
24703,train
24704,train
24705,train
24706,train
24707,train
24708,train
24709,train
24710,train
24711,train
24713,train
24714,train
24715,train
24717,train
24718,train
24719,train
24720,train
24721,train
24722,train
24723,train
24725,train
24726,train
24727,train
24729,train
24730,train
24734,train
24735,train
24737,train
24738,train
24742,train
24743,train
24744,train
24745,train
24746,train
24749,train
24750,train
24751,train
24753,train
24754,train
24755,train
24757,train
24759,train
24760,train
24761,train
24762,train
24763,train
24764,train
24765,train
24768,train
24770,train
24771,train
24772,train
24775,train
24777,train
24778,train
24779,train
24781,train
24782,train
24783,train
24784,train
24785,train
24786,train
24791,train
24792,train
24794,train
24796,train
24797,train
24801,train
24802,train
24803,train
24805,train
24807,train
24809,train
24810,train
24811,train
24812,train
24813,train
24814,train
24815,train
24816,train
24819,train
24820,train
24821,train
24822,train
24823,train
24827,train
24828,train
24830,train
24831,train
24832,train
24834,train
24838,train
24839,train
24841,train
24843,train
24845,train
24846,train
24847,train
24848,train
24849,train
24850,train
24852,train
24853,train
24856,train
24857,train
24858,train
24859,train
24860,train
24861,train
24862,train
24863,train
24864,train
24865,train
24872,train
24873,train
24875,train
24877,train
24878,train
24880,train
24881,train
24884,train
24885,train
24886,train
24888,train
24890,train
24893,train
24895,train
24897,train
24898,train
24900,train
24901,train
24902,train
24903,train
24905,train
24908,train
24911,train
24912,train
24913,train
24914,train
24916,train
24917,train
24918,train
24919,train
24920,train
24921,train
24923,train
24924,train
24925,train
24926,train
24927,train
24929,train
24932,train
24933,train
24934,train
24935,train
24936,train
24938,train
24939,train
24940,train
24941,train
24943,train
24944,train
24945,train
24946,train
24948,train
24949,train
24950,train
24951,train
24953,train
24954,train
24955,train
24956,train
24957,train
24958,train
24959,train
24961,train
24962,train
24964,train
24966,train
24967,train
24969,train
24970,train
24971,train
24972,train
24973,train
24974,train
24975,train
24976,train
24977,train
24978,train
24979,train
24982,train
24983,train
24984,train
24985,train
24987,train
24988,train
24989,train
24990,train
24994,train
24995,train
24999,train
25000,train
25001,train
25002,train
25003,train
25005,train
25006,train
25007,train
25008,train
25010,train
25011,train
25013,train
25015,train
25016,train
25017,train
25018,train
25019,train
25021,train
25024,train
25026,train
25027,train
25031,train
25032,train
25033,train
25036,train
25037,train
25038,train
25039,train
25040,train
25043,train
25044,train
25045,train
25046,train
25047,train
25048,train
25049,train
25050,train
25052,train
25053,train
25055,train
25056,train
25057,train
25059,train
25060,train
25061,train
25063,train
25065,train
25067,train
25068,train
25069,train
25070,train
25071,train
25072,train
25073,train
25074,train
25075,train
25076,train
25077,train
25078,train
25080,train
25081,train
25085,train
25086,train
25087,train
25089,train
25091,train
25092,train
25093,train
25095,train
25096,train
25098,train
25099,train
25100,train
25101,train
25102,train
25104,train
25105,train
25106,train
25109,train
25110,train
25111,train
25112,train
25113,train
25115,train
25118,train
25119,train
25120,train
25121,train
25122,train
25123,train
25125,train
25126,train
25127,train
25128,train
25129,train
25130,train
25131,train
25132,train
25133,train
25135,train
25137,train
25138,train
25139,train
25141,train
25142,train
25143,train
25144,train
25145,train
25147,train
25148,train
25150,train
25152,train
25153,train
25155,train
25156,train
25157,train
25158,train
25159,train
25160,train
25162,train
25164,train
25165,train
25170,train
25171,train
25172,train
25173,train
25174,train
25176,train
25177,train
25179,train
25180,train
25181,train
25182,train
25184,train
25185,train
25186,train
25189,train
25190,train
25191,train
25192,train
25193,train
25194,train
25195,train
25197,train
25199,train
25200,train
25201,train
25204,train
25205,train
25206,train
25207,train
25208,train
25209,train
25211,train
25212,train
25213,train
25216,train
25219,train
25220,train
25221,train
25223,train
25225,train
25226,train
25227,train
25228,train
25229,train
25233,train
25235,train
25236,train
25237,train
25238,train
25240,train
25242,train
25244,train
25245,train
25246,train
25248,train
25249,train
25250,train
25251,train
25252,train
25253,train
25254,train
25259,train
25261,train
25262,train
25263,train
25264,train
25265,train
25266,train
25267,train
25268,train
25270,train
25272,train
25274,train
25275,train
25276,train
25278,train
25280,train
25281,train
25286,train
25287,train
25288,train
25289,train
25290,train
25292,train
25293,train
25294,train
25297,train
25298,train
25299,train
25300,train
25301,train
25302,train
25303,train
25304,train
25305,train
25306,train
25308,train
25309,train
25310,train
25313,train
25315,train
25316,train
25317,train
25318,train
25320,train
25321,train
25322,train
25326,train
25329,train
25330,train
25331,train
25332,train
25333,train
25334,train
25335,train
25339,train
25340,train
25343,train
25344,train
25346,train
25347,train
25349,train
25350,train
25352,train
25356,train
25357,train
25358,train
25360,train
25362,train
25364,train
25365,train
25367,train
25368,train
25369,train
25371,train
25372,train
25373,train
25374,train
25375,train
25377,train
25378,train
25379,train
25380,train
25381,train
25386,train
25388,train
25391,train
25393,train
25394,train
25395,train
25396,train
25398,train
25399,train
25404,train
25405,train
25406,train
25407,train
25408,train
25410,train
25411,train
25412,train
25413,train
25414,train
25415,train
25416,train
25419,train
25420,train
25424,train
25425,train
25426,train
25427,train
25428,train
25430,train
25432,train
25433,train
25434,train
25435,train
25436,train
25437,train
25438,train
25439,train
25441,train
25442,train
25445,train
25446,train
25447,train
25455,train
25456,train
25457,train
25458,train
25459,train
25460,train
25461,train
25462,train
25464,train
25465,train
25466,train
25467,train
25471,train
25472,train
25473,train
25474,train
25475,train
25476,train
25477,train
25478,train
25479,train
25481,train
25483,train
25484,train
25485,train
25486,train
25487,train
25488,train
25489,train
25490,train
25493,train
25494,train
25495,train
25497,train
25505,train
25506,train
25507,train
25508,train
25510,train
25511,train
25512,train
25513,train
25514,train
25516,train
25517,train
25518,train
25519,train
25521,train
25522,train
25523,train
25524,train
25526,train
25527,train
25528,train
25530,train
25531,train
25533,train
25534,train
25537,train
25538,train
25539,train
25540,train
25542,train
25543,train
25544,train
25545,train
25546,train
25547,train
25548,train
25549,train
25550,train
25551,train
25552,train
25553,train
25554,train
25555,train
25556,train
25557,train
25558,train
25559,train
25561,train
25562,train
25564,train
25566,train
25567,train
25569,train
25570,train
25571,train
25573,train
25575,train
25579,train
25580,train
25581,train
25582,train
25583,train
25584,train
25585,train
25586,train
25587,train
25589,train
25590,train
25595,train
25596,train
25597,train
25598,train
25600,train
25604,train
25607,train
25608,train
25610,train
25612,train
25613,train
25614,train
25618,train
25620,train
25621,train
25622,train
25623,train
25624,train
25630,train
25631,train
25632,train
25635,train
25636,train
25637,train
25641,train
25642,train
25644,train
25646,train
25647,train
25648,train
25649,train
25650,train
25651,train
25652,train
25653,train
25654,train
25656,train
25657,train
25658,train
25659,train
25662,train
25663,train
25664,train
25666,train
25668,train
25669,train
25671,train
25672,train
25673,train
25675,train
25676,train
25677,train
25679,train
25680,train
25682,train
25683,train
25684,train
25687,train
25688,train
25690,train
25691,train
25692,train
25694,train
25695,train
25698,train
25699,train
25700,train
25701,train
25702,train
25704,train
25708,train
25710,train
25711,train
25712,train
25713,train
25714,train
25716,train
25717,train
25719,train
25720,train
25721,train
25722,train
25724,train
25725,train
25726,train
25727,train
25730,train
25732,train
25735,train
25737,train
25739,train
25740,train
25741,train
25742,train
25745,train
25746,train
25747,train
25749,train
25750,train
25751,train
25753,train
25755,train
25757,train
25759,train
25760,train
25761,train
25762,train
25763,train
25764,train
25765,train
25766,train
25767,train
25768,train
25770,train
25771,train
25774,train
25775,train
25778,train
25781,train
25782,train
25783,train
25785,train
25787,train
25788,train
25789,train
25790,train
25791,train
25792,train
25793,train
25794,train
25795,train
25797,train
25799,train
25802,train
25805,train
25806,train
25807,train
25809,train
25810,train
25811,train
25812,train
25813,train
25817,train
25820,train
25821,train
25822,train
25823,train
25825,train
25826,train
25827,train
25829,train
25830,train
25831,train
25832,train
25833,train
25834,train
25835,train
25837,train
25838,train
25839,train
25840,train
25841,train
25845,train
25846,train
25848,train
25851,train
25852,train
25853,train
25855,train
25857,train
25859,train
25860,train
25861,train
25862,train
25863,train
25866,train
25869,train
25872,train
25874,train
25875,train
25876,train
25877,train
25878,train
25879,train
25880,train
25881,train
25882,train
25884,train
25887,train
25888,train
25889,train
25890,train
25891,train
25892,train
25893,train
25895,train
25896,train
25897,train
25898,train
25900,train
25901,train
25902,train
25904,train
25907,train
25908,train
25909,train
25911,train
25913,train
25918,train
25919,train
25921,train
25922,train
25923,train
25924,train
25926,train
25927,train
25930,train
25931,train
25932,train
25933,train
25934,train
25935,train
25936,train
25937,train
25939,train
25940,train
25941,train
25942,train
25943,train
25944,train
25945,train
25946,train
25947,train
25949,train
25950,train
25951,train
25952,train
25953,train
25956,train
25957,train
25960,train
25961,train
25963,train
25964,train
25965,train
25966,train
25968,train
25969,train
25970,train
25971,train
25972,train
25973,train
25978,train
25979,train
25980,train
25982,train
25983,train
25984,train
25985,train
25988,train
25990,train
25991,train
25992,train
25993,train
25994,train
25995,train
25997,train
25998,train
25999,train
26005,train
26006,train
26007,train
26009,train
26011,train
26012,train
26013,train
26014,train
26016,train
26017,train
26018,train
26022,train
26023,train
26024,train
26026,train
26027,train
26028,train
26029,train
26030,train
26032,train
26033,train
26034,train
26036,train
26037,train
26038,train
26040,train
26041,train
26042,train
26044,train
26046,train
26048,train
26049,train
26051,train
26054,train
26055,train
26056,train
26057,train
26058,train
26060,train
26061,train
26063,train
26064,train
26065,train
26067,train
26069,train
26070,train
26071,train
26072,train
26073,train
26074,train
26076,train
26077,train
26079,train
26080,train
26081,train
26083,train
26084,train
26085,train
26086,train
26087,train
26089,train
26090,train
26091,train
26095,train
26096,train
26097,train
26098,train
26099,train
26102,train
26103,train
26104,train
26105,train
26106,train
26107,train
26108,train
26109,train
26110,train
26111,train
26112,train
26114,train
26115,train
26116,train
26117,train
26119,train
26121,train
26123,train
26124,train
26125,train
26127,train
26128,train
26130,train
26133,train
26135,train
26136,train
26137,train
26141,train
26144,train
26145,train
26146,train
26147,train
26148,train
26149,train
26150,train
26151,train
26152,train
26154,train
26155,train
26156,train
26157,train
26158,train
26159,train
26160,train
26161,train
26162,train
26164,train
26166,train
26168,train
26169,train
26170,train
26171,train
26173,train
26174,train
26175,train
26178,train
26179,train
26180,train
26182,train
26183,train
26184,train
26185,train
26186,train
26192,train
26193,train
26194,train
26195,train
26196,train
26197,train
26198,train
26200,train
26201,train
26202,train
26203,train
26204,train
26205,train
26206,train
26207,train
26209,train
26210,train
26211,train
26212,train
26213,train
26214,train
26215,train
26216,train
26218,train
26219,train
26220,train
26221,train
26223,train
26224,train
26225,train
26228,train
26229,train
26230,train
26231,train
26233,train
26234,train
26235,train
26237,train
26238,train
26240,train
26242,train
26247,train
26248,train
26250,train
26251,train
26252,train
26255,train
26257,train
26259,train
26262,train
26263,train
26264,train
26265,train
26266,train
26269,train
26270,train
26273,train
26275,train
26276,train
26277,train
26279,train
26280,train
26281,train
26282,train
26284,train
26285,train
26286,train
26290,train
26291,train
26292,train
26293,train
26294,train
26296,train
26297,train
26298,train
26299,train
26301,train
26302,train
26304,train
26305,train
26306,train
26307,train
26309,train
26311,train
26314,train
26315,train
26316,train
26319,train
26320,train
26321,train
26322,train
26324,train
26326,train
26329,train
26330,train
26332,train
26334,train
26335,train
26336,train
26339,train
26340,train
26342,train
26343,train
26345,train
26347,train
26348,train
26349,train
26350,train
26351,train
26352,train
26353,train
26354,train
26357,train
26358,train
26359,train
26360,train
26361,train
26362,train
26363,train
26364,train
26365,train
26370,train
26371,train
26373,train
26374,train
26375,train
26381,train
26382,train
26383,train
26384,train
26385,train
26386,train
26387,train
26389,train
26390,train
26391,train
26392,train
26393,train
26395,train
26396,train
26397,train
26398,train
26399,train
26400,train
26401,train
26402,train
26403,train
26404,train
26406,train
26407,train
26409,train
26410,train
26411,train
26413,train
26414,train
26416,train
26417,train
26418,train
26420,train
26422,train
26425,train
26426,train
26427,train
26429,train
26432,train
26433,train
26434,train
26435,train
26436,train
26437,train
26438,train
26439,train
26440,train
26442,train
26443,train
26444,train
26447,train
26448,train
26451,train
26452,train
26454,train
26457,train
26459,train
26460,train
26461,train
26462,train
26464,train
26465,train
26466,train
26468,train
26472,train
26476,train
26477,train
26479,train
26480,train
26482,train
26483,train
26485,train
26487,train
26489,train
26492,train
26493,train
26494,train
26496,train
26497,train
26498,train
26499,train
26500,train
26502,train
26503,train
26504,train
26505,train
26506,train
26507,train
26508,train
26510,train
26512,train
26513,train
26515,train
26516,train
26518,train
26519,train
26520,train
26521,train
26523,train
26524,train
26525,train
26526,train
26527,train
26529,train
26532,train
26534,train
26535,train
26536,train
26537,train
26538,train
26539,train
26541,train
26542,train
26544,train
26545,train
26546,train
26547,train
26548,train
26549,train
26550,train
26552,train
26553,train
26554,train
26555,train
26556,train
26557,train
26558,train
26559,train
26560,train
26561,train
26562,train
26563,train
26564,train
26566,train
26567,train
26568,train
26570,train
26572,train
26573,train
26574,train
26575,train
26576,train
26577,train
26578,train
26581,train
26582,train
26583,train
26584,train
26587,train
26589,train
26590,train
26592,train
26593,train
26594,train
26595,train
26597,train
26598,train
26600,train
26601,train
26604,train
26605,train
26606,train
26607,train
26608,train
26609,train
26610,train
26611,train
26612,train
26613,train
26614,train
26617,train
26618,train
26621,train
26622,train
26624,train
26625,train
26626,train
26627,train
26630,train
26631,train
26632,train
26633,train
26634,train
26635,train
26637,train
26638,train
26639,train
26640,train
26641,train
26642,train
26647,train
26649,train
26650,train
26651,train
26653,train
26654,train
26656,train
26657,train
26658,train
26659,train
26660,train
26661,train
26662,train
26663,train
26664,train
26666,train
26668,train
26669,train
26670,train
26671,train
26672,train
26673,train
26674,train
26675,train
26678,train
26679,train
26680,train
26683,train
26684,train
26685,train
26686,train
26688,train
26689,train
26691,train
26692,train
26693,train
26694,train
26695,train
26697,train
26698,train
26699,train
26700,train
26702,train
26703,train
26704,train
26705,train
26706,train
26707,train
26708,train
26709,train
26710,train
26711,train
26712,train
26713,train
26714,train
26715,train
26717,train
26718,train
26719,train
26720,train
26721,train
26724,train
26725,train
26727,train
26728,train
26730,train
26731,train
26732,train
26733,train
26734,train
26735,train
26736,train
26737,train
26738,train
26741,train
26742,train
26743,train
26745,train
26746,train
26748,train
26749,train
26752,train
26754,train
26755,train
26756,train
26758,train
26760,train
26761,train
26762,train
26763,train
26764,train
26765,train
26767,train
26769,train
26770,train
26771,train
26773,train
26774,train
26775,train
26776,train
26777,train
26778,train
26782,train
26783,train
26784,train
26786,train
26787,train
26788,train
26789,train
26790,train
26791,train
26793,train
26794,train
26795,train
26797,train
26798,train
26799,train
26800,train
26801,train
26802,train
26803,train
26804,train
26805,train
26807,train
26808,train
26809,train
26810,train
26811,train
26813,train
26814,train
26815,train
26816,train
26817,train
26818,train
26820,train
26821,train
26822,train
26823,train
26824,train
26825,train
26827,train
26829,train
26830,train
26831,train
26832,train
26833,train
26834,train
26835,train
26837,train
26839,train
26840,train
26841,train
26842,train
26843,train
26844,train
26846,train
26847,train
26849,train
26850,train
26851,train
26852,train
26853,train
26855,train
26856,train
26857,train
26858,train
26860,train
26863,train
26865,train
26867,train
26869,train
26870,train
26871,train
26873,train
26874,train
26878,train
26879,train
26881,train
26883,train
26884,train
26885,train
26886,train
26888,train
26889,train
26890,train
26892,train
26894,train
26895,train
26897,train
26898,train
26899,train
26901,train
26902,train
26903,train
26904,train
26906,train
26907,train
26909,train
26910,train
26911,train
26914,train
26915,train
26916,train
26917,train
26919,train
26920,train
26921,train
26922,train
26923,train
26924,train
26925,train
26928,train
26929,train
26932,train
26933,train
26934,train
26935,train
26936,train
26938,train
26940,train
26941,train
26942,train
26943,train
26944,train
26945,train
26947,train
26948,train
26950,train
26951,train
26952,train
26953,train
26955,train
26956,train
26957,train
26958,train
26959,train
26961,train
26962,train
26963,train
26964,train
26966,train
26968,train
26970,train
26972,train
26973,train
26974,train
26975,train
26977,train
26978,train
26980,train
26981,train
26983,train
26984,train
26985,train
26986,train
26988,train
26990,train
26992,train
26993,train
26994,train
26996,train
26998,train
26999,train
27001,train
27002,train
27003,train
27004,train
27005,train
27007,train
27008,train
27009,train
27010,train
27011,train
27012,train
27015,train
27016,train
27019,train
27020,train
27021,train
27022,train
27023,train
27024,train
27025,train
27026,train
27028,train
27029,train
27030,train
27031,train
27032,train
27033,train
27034,train
27036,train
27038,train
27039,train
27041,train
27043,train
27044,train
27045,train
27046,train
27052,train
27053,train
27054,train
27055,train
27057,train
27059,train
27060,train
27061,train
27063,train
27065,train
27068,train
27072,train
27073,train
27074,train
27075,train
27076,train
27078,train
27079,train
27082,train
27085,train
27086,train
27088,train
27092,train
27093,train
27097,train
27099,train
27100,train
27101,train
27104,train
27106,train
27107,train
27108,train
27110,train
27111,train
27112,train
27113,train
27114,train
27115,train
27116,train
27118,train
27119,train
27121,train
27122,train
27123,train
27124,train
27125,train
27127,train
27128,train
27129,train
27130,train
27132,train
27133,train
27134,train
27135,train
27136,train
27137,train
27140,train
27142,train
27143,train
27144,train
27145,train
27146,train
27149,train
27152,train
27153,train
27154,train
27155,train
27156,train
27159,train
27160,train
27161,train
27162,train
27166,train
27167,train
27169,train
27170,train
27171,train
27172,train
27173,train
27174,train
27175,train
27176,train
27177,train
27178,train
27179,train
27180,train
27181,train
27182,train
27183,train
27185,train
27186,train
27187,train
27188,train
27189,train
27191,train
27192,train
27193,train
27195,train
27198,train
27202,train
27203,train
27204,train
27206,train
27207,train
27208,train
27209,train
27210,train
27211,train
27212,train
27214,train
27215,train
27216,train
27218,train
27219,train
27222,train
27223,train
27224,train
27226,train
27227,train
27229,train
27233,train
27234,train
27235,train
27237,train
27238,train
27239,train
27240,train
27242,train
27243,train
27244,train
27245,train
27247,train
27248,train
27252,train
27253,train
27254,train
27256,train
27257,train
27259,train
27260,train
27262,train
27263,train
27264,train
27265,train
27266,train
27269,train
27272,train
27273,train
27275,train
27276,train
27277,train
27278,train
27279,train
27280,train
27281,train
27282,train
27283,train
27284,train
27286,train
27287,train
27288,train
27289,train
27291,train
27292,train
27293,train
27294,train
27295,train
27296,train
27297,train
27298,train
27299,train
27300,train
27302,train
27303,train
27304,train
27306,train
27307,train
27308,train
27312,train
27314,train
27316,train
27318,train
27319,train
27320,train
27321,train
27322,train
27323,train
27324,train
27325,train
27326,train
27327,train
27328,train
27329,train
27330,train
27332,train
27334,train
27336,train
27337,train
27339,train
27341,train
27342,train
27343,train
27344,train
27345,train
27346,train
27347,train
27349,train
27350,train
27351,train
27354,train
27355,train
27356,train
27358,train
27359,train
27360,train
27361,train
27362,train
27363,train
27364,train
27365,train
27366,train
27368,train
27369,train
27370,train
27371,train
27372,train
27373,train
27374,train
27375,train
27377,train
27378,train
27380,train
27382,train
27383,train
27385,train
27387,train
27390,train
27391,train
27392,train
27393,train
27394,train
27395,train
27396,train
27397,train
27399,train
27400,train
27401,train
27402,train
27403,train
27406,train
27409,train
27410,train
27412,train
27413,train
27414,train
27416,train
27417,train
27418,train
27419,train
27420,train
27421,train
27422,train
27424,train
27425,train
27426,train
27427,train
27429,train
27430,train
27431,train
27433,train
27434,train
27435,train
27436,train
27437,train
27438,train
27439,train
27441,train
27442,train
27444,train
27445,train
27446,train
27447,train
27449,train
27450,train
27453,train
27454,train
27455,train
27456,train
27457,train
27458,train
27460,train
27461,train
27462,train
27463,train
27464,train
27465,train
27466,train
27467,train
27468,train
27469,train
27473,train
27475,train
27476,train
27480,train
27481,train
27483,train
27484,train
27488,train
27490,train
27491,train
27493,train
27494,train
27495,train
27496,train
27497,train
27499,train
27500,train
27501,train
27503,train
27505,train
27507,train
27508,train
27509,train
27510,train
27511,train
27512,train
27513,train
27515,train
27518,train
27521,train
27522,train
27524,train
27525,train
27527,train
27529,train
27530,train
27532,train
27533,train
27534,train
27535,train
27536,train
27537,train
27538,train
27539,train
27541,train
27542,train
27544,train
27545,train
27547,train
27548,train
27549,train
27550,train
27553,train
27554,train
27555,train
27556,train
27557,train
27560,train
27561,train
27563,train
27564,train
27565,train
27570,train
27571,train
27572,train
27573,train
27574,train
27575,train
27576,train
27579,train
27580,train
27582,train
27583,train
27584,train
27586,train
27588,train
27589,train
27590,train
27591,train
27593,train
27594,train
27595,train
27596,train
27597,train
27598,train
27599,train
27600,train
27602,train
27604,train
27605,train
27606,train
27607,train
27608,train
27610,train
27612,train
27613,train
27614,train
27616,train
27617,train
27618,train
27620,train
27622,train
27623,train
27626,train
27627,train
27631,train
27632,train
27633,train
27634,train
27635,train
27637,train
27638,train
27639,train
27640,train
27643,train
27644,train
27645,train
27646,train
27647,train
27648,train
27651,train
27652,train
27654,train
27655,train
27656,train
27657,train
27659,train
27661,train
27663,train
27664,train
27665,train
27669,train
27670,train
27671,train
27672,train
27673,train
27674,train
27676,train
27677,train
27678,train
27679,train
27680,train
27682,train
27684,train
27685,train
27688,train
27689,train
27690,train
27691,train
27693,train
27694,train
27695,train
27696,train
27697,train
27698,train
27701,train
27702,train
27703,train
27705,train
27706,train
27707,train
27708,train
27709,train
27710,train
27711,train
27712,train
27713,train
27714,train
27715,train
27716,train
27717,train
27719,train
27720,train
27722,train
27725,train
27726,train
27727,train
27729,train
27730,train
27731,train
27733,train
27734,train
27735,train
27737,train
27739,train
27740,train
27741,train
27742,train
27746,train
27748,train
27749,train
27752,train
27755,train
27756,train
27759,train
27760,train
27761,train
27766,train
27767,train
27768,train
27769,train
27770,train
27771,train
27772,train
27773,train
27775,train
27776,train
27778,train
27779,train
27780,train
27781,train
27782,train
27783,train
27785,train
27786,train
27787,train
27789,train
27791,train
27792,train
27794,train
27795,train
27796,train
27797,train
27798,train
27799,train
27800,train
27804,train
27805,train
27806,train
27807,train
27808,train
27809,train
27810,train
27811,train
27812,train
27813,train
27814,train
27815,train
27816,train
27817,train
27818,train
27819,train
27821,train
27822,train
27824,train
27825,train
27826,train
27828,train
27829,train
27831,train
27832,train
27833,train
27834,train
27835,train
27836,train
27838,train
27839,train
27840,train
27843,train
27844,train
27845,train
27846,train
27849,train
27850,train
27851,train
27852,train
27853,train
27855,train
27856,train
27857,train
27858,train
27859,train
27860,train
27861,train
27863,train
27866,train
27867,train
27869,train
27870,train
27871,train
27872,train
27875,train
27878,train
27879,train
27880,train
27881,train
27882,train
27883,train
27884,train
27886,train
27887,train
27888,train
27889,train
27891,train
27893,train
27894,train
27896,train
27897,train
27898,train
27899,train
27900,train
27901,train
27902,train
27905,train
27906,train
27907,train
27908,train
27909,train
27910,train
27911,train
27912,train
27915,train
27916,train
27917,train
27919,train
27920,train
27921,train
27923,train
27924,train
27925,train
27926,train
27927,train
27928,train
27930,train
27931,train
27932,train
27933,train
27934,train
27935,train
27936,train
27937,train
27938,train
27939,train
27941,train
27942,train
27943,train
27944,train
27946,train
27949,train
27950,train
27951,train
27952,train
27953,train
27954,train
27955,train
27956,train
27957,train
27958,train
27960,train
27961,train
27962,train
27963,train
27964,train
27965,train
27966,train
27967,train
27968,train
27969,train
27970,train
27971,train
27973,train
27975,train
27976,train
27977,train
27978,train
27979,train
27980,train
27981,train
27982,train
27983,train
27985,train
27986,train
27987,train
27988,train
27989,train
27990,train
27991,train
27993,train
27997,train
27998,train
28000,train
28001,train
28004,train
28005,train
28006,train
28008,train
28009,train
28011,train
28012,train
28013,train
28015,train
28016,train
28017,train
28018,train
28019,train
28021,train
28022,train
28023,train
28025,train
28027,train
28029,train
28031,train
28033,train
28034,train
28037,train
28038,train
28039,train
28041,train
28042,train
28043,train
28044,train
28046,train
28047,train
28048,train
28050,train
28051,train
28053,train
28054,train
28056,train
28057,train
28061,train
28062,train
28063,train
28066,train
28067,train
28068,train
28070,train
28072,train
28073,train
28074,train
28075,train
28076,train
28077,train
28078,train
28079,train
28080,train
28081,train
28082,train
28084,train
28086,train
28088,train
28089,train
28091,train
28092,train
28094,train
28097,train
28098,train
28100,train
28101,train
28102,train
28103,train
28106,train
28107,train
28108,train
28109,train
28110,train
28111,train
28113,train
28114,train
28115,train
28116,train
28117,train
28118,train
28120,train
28121,train
28122,train
28123,train
28124,train
28125,train
28126,train
28129,train
28130,train
28133,train
28137,train
28138,train
28140,train
28141,train
28142,train
28143,train
28144,train
28146,train
28147,train
28148,train
28149,train
28150,train
28151,train
28152,train
28153,train
28154,train
28156,train
28158,train
28159,train
28160,train
28162,train
28163,train
28164,train
28166,train
28167,train
28168,train
28169,train
28170,train
28172,train
28173,train
28174,train
28177,train
28179,train
28180,train
28182,train
28183,train
28186,train
28187,train
28189,train
28190,train
28191,train
28194,train
28196,train
28197,train
28198,train
28200,train
28201,train
28203,train
28204,train
28205,train
28206,train
28207,train
28208,train
28211,train
28212,train
28213,train
28214,train
28215,train
28216,train
28217,train
28218,train
28220,train
28221,train
28224,train
28226,train
28228,train
28230,train
28234,train
28235,train
28236,train
28237,train
28238,train
28240,train
28241,train
28242,train
28243,train
28244,train
28245,train
28246,train
28247,train
28249,train
28250,train
28251,train
28252,train
28257,train
28258,train
28259,train
28261,train
28262,train
28264,train
28265,train
28266,train
28268,train
28269,train
28270,train
28271,train
28272,train
28273,train
28274,train
28276,train
28277,train
28280,train
28281,train
28282,train
28283,train
28285,train
28286,train
28287,train
28290,train
28292,train
28295,train
28296,train
28297,train
28298,train
28299,train
28300,train
28301,train
28303,train
28304,train
28306,train
28307,train
28308,train
28309,train
28310,train
28311,train
28313,train
28314,train
28315,train
28316,train
28318,train
28321,train
28322,train
28323,train
28324,train
28325,train
28326,train
28327,train
28328,train
28329,train
28330,train
28331,train
28332,train
28333,train
28334,train
28335,train
28336,train
28339,train
28340,train
28342,train
28343,train
28346,train
28348,train
28349,train
28350,train
28351,train
28353,train
28355,train
28356,train
28359,train
28360,train
28362,train
28363,train
28365,train
28366,train
28367,train
28369,train
28370,train
28371,train
28372,train
28373,train
28374,train
28375,train
28376,train
28377,train
28378,train
28379,train
28380,train
28382,train
28384,train
28387,train
28388,train
28389,train
28390,train
28391,train
28392,train
28393,train
28394,train
28398,train
28399,train
28400,train
28401,train
28402,train
28403,train
28405,train
28406,train
28409,train
28410,train
28412,train
28413,train
28414,train
28416,train
28417,train
28418,train
28421,train
28422,train
28423,train
28425,train
28426,train
28427,train
28428,train
28429,train
28430,train
28431,train
28432,train
28437,train
28438,train
28440,train
28441,train
28442,train
28443,train
28444,train
28445,train
28446,train
28447,train
28448,train
28449,train
28451,train
28454,train
28455,train
28456,train
28457,train
28458,train
28459,train
28460,train
28461,train
28462,train
28464,train
28466,train
28467,train
28468,train
28469,train
28471,train
28472,train
28473,train
28474,train
28475,train
28480,train
28483,train
28485,train
28487,train
28491,train
28492,train
28493,train
28494,train
28496,train
28497,train
28498,train
28499,train
28500,train
28501,train
28503,train
28504,train
28505,train
28506,train
28509,train
28510,train
28513,train
28516,train
28517,train
28518,train
28520,train
28523,train
28526,train
28528,train
28529,train
28530,train
28531,train
28532,train
28534,train
28535,train
28536,train
28537,train
28539,train
28540,train
28541,train
28543,train
28544,train
28545,train
28546,train
28548,train
28549,train
28550,train
28551,train
28552,train
28554,train
28555,train
28557,train
28558,train
28559,train
28560,train
28561,train
28562,train
28563,train
28564,train
28566,train
28567,train
28568,train
28569,train
28570,train
28571,train
28572,train
28574,train
28576,train
28578,train
28579,train
28580,train
28581,train
28583,train
28584,train
28586,train
28587,train
28588,train
28589,train
28590,train
28591,train
28592,train
28594,train
28595,train
28596,train
28597,train
28599,train
28601,train
28602,train
28604,train
28605,train
28606,train
28607,train
28608,train
28609,train
28610,train
28612,train
28613,train
28614,train
28615,train
28616,train
28617,train
28618,train
28620,train
28621,train
28623,train
28625,train
28626,train
28627,train
28628,train
28630,train
28631,train
28632,train
28633,train
28635,train
28637,train
28638,train
28639,train
28640,train
28641,train
28642,train
28644,train
28645,train
28646,train
28647,train
28649,train
28653,train
28655,train
28656,train
28657,train
28659,train
28662,train
28663,train
28665,train
28667,train
28670,train
28671,train
28672,train
28673,train
28674,train
28675,train
28676,train
28679,train
28681,train
28683,train
28685,train
28686,train
28687,train
28688,train
28689,train
28691,train
28693,train
28694,train
28696,train
28697,train
28700,train
28701,train
28702,train
28705,train
28706,train
28707,train
28708,train
28709,train
28711,train
28712,train
28713,train
28715,train
28716,train
28718,train
28719,train
28720,train
28722,train
28724,train
28725,train
28726,train
28728,train
28731,train
28732,train
28733,train
28735,train
28737,train
28738,train
28739,train
28740,train
28741,train
28742,train
28743,train
28744,train
28745,train
28747,train
28748,train
28749,train
28750,train
28751,train
28753,train
28754,train
28756,train
28758,train
28759,train
28761,train
28762,train
28763,train
28765,train
28766,train
28767,train
28769,train
28770,train
28771,train
28772,train
28773,train
28776,train
28777,train
28778,train
28781,train
28782,train
28783,train
28784,train
28785,train
28786,train
28787,train
28788,train
28789,train
28790,train
28791,train
28792,train
28793,train
28794,train
28795,train
28797,train
28799,train
28800,train
28801,train
28803,train
28804,train
28805,train
28806,train
28807,train
28808,train
28809,train
28811,train
28812,train
28813,train
28814,train
28817,train
28818,train
28820,train
28822,train
28824,train
28825,train
28827,train
28828,train
28829,train
28830,train
28832,train
28833,train
28834,train
28835,train
28836,train
28837,train
28840,train
28841,train
28842,train
28843,train
28844,train
28846,train
28847,train
28848,train
28849,train
28850,train
28851,train
28853,train
28854,train
28855,train
28857,train
28858,train
28860,train
28861,train
28862,train
28863,train
28866,train
28868,train
28869,train
28870,train
28871,train
28872,train
28873,train
28875,train
28880,train
28882,train
28883,train
28884,train
28885,train
28886,train
28891,train
28892,train
28893,train
28894,train
28895,train
28902,train
28903,train
28905,train
28906,train
28907,train
28909,train
28910,train
28912,train
28914,train
28915,train
28916,train
28917,train
28919,train
28920,train
28923,train
28924,train
28925,train
28926,train
28928,train
28929,train
28930,train
28931,train
28932,train
28934,train
28935,train
28937,train
28938,train
28939,train
28941,train
28942,train
28944,train
28947,train
28950,train
28951,train
28952,train
28953,train
28954,train
28956,train
28957,train
28958,train
28959,train
28960,train
28961,train
28962,train
28963,train
28965,train
28966,train
28970,train
28971,train
28972,train
28973,train
28974,train
28975,train
28977,train
28980,train
28981,train
28982,train
28983,train
28984,train
28985,train
28986,train
28990,train
28991,train
28992,train
28993,train
28994,train
28996,train
28997,train
28999,train
29000,train
29001,train
29002,train
29003,train
29004,train
29005,train
29006,train
29008,train
29009,train
29010,train
29011,train
29014,train
29015,train
29016,train
29020,train
29021,train
29022,train
29026,train
29029,train
29030,train
29031,train
29032,train
29034,train
29035,train
29036,train
29037,train
29038,train
29039,train
29040,train
29041,train
29042,train
29043,train
29046,train
29049,train
29050,train
29051,train
29052,train
29053,train
29055,train
29057,train
29058,train
29059,train
29061,train
29064,train
29069,train
29070,train
29071,train
29072,train
29073,train
29074,train
29075,train
29076,train
29077,train
29078,train
29079,train
29082,train
29084,train
29085,train
29086,train
29088,train
29089,train
29090,train
29091,train
29092,train
29093,train
29094,train
29095,train
29097,train
29098,train
29099,train
29101,train
29102,train
29105,train
29106,train
29107,train
29110,train
29111,train
29112,train
29113,train
29114,train
29115,train
29116,train
29118,train
29119,train
29120,train
29122,train
29123,train
29124,train
29125,train
29126,train
29128,train
29130,train
29131,train
29132,train
29133,train
29134,train
29136,train
29137,train
29138,train
29140,train
29141,train
29142,train
29143,train
29144,train
29145,train
29146,train
29147,train
29149,train
29150,train
29151,train
29152,train
29153,train
29154,train
29155,train
29157,train
29158,train
29159,train
29160,train
29161,train
29162,train
29163,train
29164,train
29165,train
29166,train
29168,train
29169,train
29170,train
29171,train
29172,train
29173,train
29174,train
29175,train
29177,train
29178,train
29179,train
29180,train
29181,train
29184,train
29185,train
29187,train
29188,train
29189,train
29190,train
29192,train
29195,train
29196,train
29197,train
29198,train
29201,train
29202,train
29203,train
29204,train
29205,train
29206,train
29208,train
29211,train
29212,train
29213,train
29214,train
29215,train
29216,train
29218,train
29219,train
29220,train
29221,train
29222,train
29223,train
29224,train
29226,train
29227,train
29229,train
29230,train
29231,train
29232,train
29233,train
29234,train
29235,train
29236,train
29237,train
29239,train
29240,train
29241,train
29244,train
29245,train
29246,train
29247,train
29248,train
29249,train
29250,train
29251,train
29252,train
29253,train
29254,train
29255,train
29257,train
29259,train
29260,train
29265,train
29266,train
29268,train
29270,train
29271,train
29272,train
29273,train
29275,train
29276,train
29278,train
29279,train
29280,train
29281,train
29282,train
29283,train
29284,train
29285,train
29286,train
29287,train
29288,train
29289,train
29290,train
29292,train
29293,train
29294,train
29295,train
29296,train
29297,train
29298,train
29300,train
29301,train
29303,train
29304,train
29305,train
29306,train
29307,train
29308,train
29309,train
29310,train
29311,train
29312,train
29313,train
29314,train
29315,train
29316,train
29317,train
29318,train
29320,train
29322,train
29323,train
29325,train
29326,train
29327,train
29328,train
29329,train
29331,train
29333,train
29334,train
29335,train
29336,train
29338,train
29339,train
29340,train
29341,train
29342,train
29344,train
29345,train
29346,train
29349,train
29350,train
29354,train
29356,train
29357,train
29358,train
29359,train
29361,train
29363,train
29364,train
29367,train
29368,train
29369,train
29370,train
29372,train
29376,train
29378,train
29379,train
29382,train
29383,train
29384,train
29385,train
29386,train
29387,train
29389,train
29391,train
29392,train
29393,train
29394,train
29396,train
29397,train
29398,train
29399,train
29400,train
29401,train
29403,train
29405,train
29406,train
29407,train
29408,train
29409,train
29410,train
29411,train
29412,train
29416,train
29417,train
29419,train
29420,train
29421,train
29423,train
29424,train
29425,train
29426,train
29427,train
29429,train
29430,train
29431,train
29433,train
29434,train
29435,train
29436,train
29438,train
29439,train
29440,train
29441,train
29442,train
29443,train
29444,train
29445,train
29446,train
29448,train
29449,train
29451,train
29452,train
29453,train
29454,train
29455,train
29457,train
29458,train
29462,train
29464,train
29465,train
29466,train
29467,train
29468,train
29469,train
29471,train
29472,train
29473,train
29475,train
29476,train
29478,train
29479,train
29480,train
29483,train
29484,train
29486,train
29487,train
29488,train
29489,train
29490,train
29491,train
29492,train
29493,train
29495,train
29497,train
29498,train
29499,train
29500,train
29501,train
29502,train
29503,train
29506,train
29507,train
29508,train
29509,train
29510,train
29511,train
29512,train
29513,train
29514,train
29515,train
29516,train
29517,train
29518,train
29519,train
29520,train
29521,train
29524,train
29525,train
29526,train
29527,train
29529,train
29530,train
29533,train
29534,train
29535,train
29536,train
29537,train
29539,train
29540,train
29541,train
29542,train
29546,train
29547,train
29549,train
29551,train
29552,train
29556,train
29561,train
29564,train
29565,train
29566,train
29568,train
29571,train
29572,train
29573,train
29574,train
29575,train
29576,train
29577,train
29578,train
29580,train
29581,train
29582,train
29583,train
29585,train
29586,train
29587,train
29589,train
29590,train
29591,train
29594,train
29598,train
29599,train
29601,train
29602,train
29603,train
29604,train
29605,train
29606,train
29608,train
29609,train
29610,train
29611,train
29612,train
29613,train
29614,train
29615,train
29616,train
29617,train
29618,train
29619,train
29621,train
29623,train
29624,train
29626,train
29628,train
29629,train
29631,train
29632,train
29633,train
29634,train
29635,train
29636,train
29637,train
29638,train
29639,train
29640,train
29642,train
29644,train
29645,train
29646,train
29647,train
29648,train
29649,train
29650,train
29651,train
29652,train
29653,train
29654,train
29655,train
29657,train
29658,train
29659,train
29662,train
29663,train
29664,train
29665,train
29667,train
29668,train
29670,train
29671,train
29672,train
29673,train
29674,train
29676,train
29677,train
29678,train
29679,train
29680,train
29681,train
29682,train
29683,train
29684,train
29685,train
29686,train
29688,train
29689,train
29690,train
29691,train
29693,train
29696,train
29697,train
29700,train
29703,train
29704,train
29708,train
29709,train
29710,train
29712,train
29713,train
29714,train
29716,train
29718,train
29722,train
29725,train
29727,train
29729,train
29730,train
29731,train
29733,train
29734,train
29735,train
29736,train
29737,train
29739,train
29740,train
29742,train
29743,train
29744,train
29746,train
29747,train
29751,train
29753,train
29754,train
29758,train
29759,train
29760,train
29761,train
29762,train
29766,train
29768,train
29770,train
29771,train
29772,train
29773,train
29779,train
29780,train
29782,train
29783,train
29785,train
29786,train
29788,train
29789,train
29791,train
29792,train
29794,train
29795,train
29796,train
29797,train
29798,train
29800,train
29801,train
29803,train
29804,train
29805,train
29806,train
29807,train
29808,train
29810,train
29812,train
29813,train
29814,train
29815,train
29816,train
29817,train
29820,train
29821,train
29822,train
29825,train
29826,train
29827,train
29828,train
29829,train
29830,train
29832,train
29835,train
29836,train
29837,train
29838,train
29839,train
29840,train
29841,train
29842,train
29844,train
29845,train
29846,train
29847,train
29848,train
29850,train
29851,train
29852,train
29853,train
29854,train
29855,train
29856,train
29857,train
29858,train
29859,train
29860,train
29863,train
29864,train
29867,train
29868,train
29869,train
29871,train
29873,train
29875,train
29876,train
29877,train
29879,train
29880,train
29881,train
29882,train
29883,train
29884,train
29886,train
29887,train
29888,train
29889,train
29890,train
29891,train
29892,train
29893,train
29896,train
29897,train
29899,train
29900,train
29901,train
29902,train
29903,train
29904,train
29905,train
29908,train
29909,train
29910,train
29911,train
29912,train
29913,train
29914,train
29915,train
29917,train
29919,train
29921,train
29922,train
29924,train
29925,train
29927,train
29928,train
29929,train
29931,train
29932,train
29933,train
29935,train
29936,train
29941,train
29942,train
29944,train
29946,train
29947,train
29948,train
29949,train
29950,train
29951,train
29952,train
29953,train
29954,train
29955,train
29956,train
29957,train
29958,train
29959,train
29960,train
29961,train
29963,train
29964,train
29965,train
29966,train
29967,train
29968,train
29969,train
29970,train
29972,train
29973,train
29975,train
29976,train
29977,train
29978,train
29979,train
29981,train
29982,train
29983,train
29984,train
29985,train
29987,train
29988,train
29989,train
29990,train
29991,train
29992,train
29993,train
29994,train
29995,train
29999,train
30000,train
30001,train
30002,train
30003,train
30004,train
30005,train
30009,train
30010,train
30011,train
30015,train
30017,train
30019,train
30020,train
30021,train
30022,train
30024,train
30026,train
30027,train
30028,train
30029,train
30030,train
30031,train
30033,train
30035,train
30037,train
30038,train
30039,train
30040,train
30044,train
30046,train
30047,train
30048,train
30049,train
30050,train
30051,train
30053,train
30054,train
30055,train
30058,train
30062,train
30064,train
30065,train
30066,train
30067,train
30068,train
30070,train
30072,train
30073,train
30075,train
30076,train
30077,train
30078,train
30079,train
30080,train
30083,train
30084,train
30085,train
30087,train
30088,train
30089,train
30090,train
30091,train
30094,train
30095,train
30096,train
30100,train
30101,train
30103,train
30104,train
30105,train
30106,train
30107,train
30108,train
30109,train
30110,train
30111,train
30112,train
30117,train
30118,train
30119,train
30120,train
30121,train
30122,train
30123,train
30124,train
30125,train
30126,train
30127,train
30130,train
30131,train
30132,train
30133,train
30134,train
30135,train
30136,train
30137,train
30139,train
30140,train
30143,train
30149,train
30150,train
30154,train
30156,train
30157,train
30158,train
30159,train
30160,train
30161,train
30162,train
30163,train
30164,train
30166,train
30170,train
30172,train
30174,train
30175,train
30177,train
30179,train
30180,train
30181,train
30182,train
30184,train
30185,train
30187,train
30188,train
30189,train
30191,train
30192,train
30193,train
30194,train
30195,train
30196,train
30197,train
30198,train
30202,train
30203,train
30204,train
30205,train
30206,train
30207,train
30208,train
30211,train
30212,train
30214,train
30215,train
30218,train
30219,train
30220,train
30221,train
30223,train
30224,train
30227,train
30228,train
30229,train
30230,train
30231,train
30232,train
30233,train
30234,train
30235,train
30236,train
30237,train
30239,train
30243,train
30244,train
30245,train
30246,train
30247,train
30248,train
30249,train
30250,train
30251,train
30253,train
30254,train
30255,train
30256,train
30257,train
30258,train
30262,train
30263,train
30264,train
30265,train
30267,train
30268,train
30269,train
30271,train
30273,train
30275,train
30276,train
30279,train
30280,train
30281,train
30284,train
30287,train
30290,train
30291,train
30292,train
30295,train
30296,train
30297,train
30298,train
30299,train
30300,train
30303,train
30304,train
30305,train
30306,train
30307,train
30308,train
30310,train
30311,train
30316,train
30318,train
30319,train
30320,train
30322,train
30323,train
30325,train
30327,train
30329,train
30330,train
30332,train
30333,train
30334,train
30335,train
30337,train
30338,train
30339,train
30340,train
30341,train
30344,train
30345,train
30346,train
30347,train
30348,train
30349,train
30350,train
30351,train
30353,train
30354,train
30355,train
30356,train
30357,train
30358,train
30359,train
30360,train
30361,train
30362,train
30363,train
30364,train
30368,train
30369,train
30370,train
30371,train
30372,train
30373,train
30376,train
30377,train
30378,train
30381,train
30382,train
30383,train
30384,train
30385,train
30386,train
30387,train
30388,train
30389,train
30391,train
30392,train
30395,train
30396,train
30397,train
30398,train
30399,train
30400,train
30402,train
30404,train
30406,train
30408,train
30411,train
30412,train
30413,train
30414,train
30415,train
30416,train
30418,train
30419,train
30420,train
30421,train
30422,train
30423,train
30424,train
30425,train
30427,train
30428,train
30430,train
30432,train
30433,train
30434,train
30435,train
30437,train
30438,train
30439,train
30440,train
30443,train
30444,train
30445,train
30446,train
30447,train
30450,train
30452,train
30454,train
30458,train
30459,train
30461,train
30462,train
30463,train
30464,train
30465,train
30467,train
30468,train
30469,train
30470,train
30471,train
30472,train
30473,train
30474,train
30475,train
30476,train
30477,train
30478,train
30480,train
30481,train
30482,train
30484,train
30485,train
30486,train
30488,train
30489,train
30491,train
30493,train
30494,train
30495,train
30497,train
30499,train
30500,train
30501,train
30502,train
30504,train
30506,train
30508,train
30509,train
30511,train
30514,train
30515,train
30516,train
30520,train
30521,train
30522,train
30523,train
30525,train
30526,train
30527,train
30530,train
30532,train
30535,train
30536,train
30537,train
30539,train
30542,train
30545,train
30546,train
30547,train
30548,train
30550,train
30551,train
30552,train
30553,train
30554,train
30555,train
30556,train
30557,train
30558,train
30560,train
30561,train
30562,train
30563,train
30564,train
30565,train
30566,train
30568,train
30570,train
30571,train
30573,train
30574,train
30576,train
30577,train
30579,train
30580,train
30581,train
30582,train
30584,train
30585,train
30586,train
30588,train
30592,train
30595,train
30596,train
30598,train
30599,train
30600,train
30601,train
30603,train
30604,train
30605,train
30606,train
30607,train
30609,train
30610,train
30612,train
30614,train
30615,train
30616,train
30617,train
30618,train
30619,train
30620,train
30621,train
30622,train
30623,train
30624,train
30625,train
30626,train
30628,train
30629,train
30631,train
30632,train
30633,train
30635,train
30637,train
30638,train
30639,train
30640,train
30641,train
30642,train
30645,train
30646,train
30647,train
30648,train
30649,train
30650,train
30651,train
30652,train
30656,train
30658,train
30659,train
30660,train
30662,train
30663,train
30664,train
30665,train
30670,train
30674,train
30676,train
30679,train
30680,train
30681,train
30682,train
30684,train
30686,train
30687,train
30688,train
30689,train
30690,train
30691,train
30692,train
30694,train
30696,train
30697,train
30698,train
30699,train
30700,train
30701,train
30705,train
30706,train
30707,train
30712,train
30714,train
30715,train
30716,train
30717,train
30718,train
30720,train
30721,train
30722,train
30723,train
30724,train
30725,train
30726,train
30728,train
30730,train
30732,train
30733,train
30735,train
30736,train
30737,train
30740,train
30741,train
30742,train
30743,train
30744,train
30745,train
30747,train
30748,train
30749,train
30751,train
30752,train
30754,train
30755,train
30756,train
30758,train
30759,train
30760,train
30761,train
30762,train
30763,train
30764,train
30765,train
30767,train
30768,train
30769,train
30771,train
30772,train
30773,train
30774,train
30775,train
30776,train
30777,train
30778,train
30779,train
30780,train
30781,train
30782,train
30783,train
30784,train
30787,train
30788,train
30791,train
30793,train
30794,train
30795,train
30796,train
30797,train
30798,train
30799,train
30800,train
30801,train
30802,train
30804,train
30805,train
3,validation
37,validation
41,validation
42,validation
54,validation
61,validation
66,validation
74,validation
94,validation
95,validation
108,validation
114,validation
124,validation
136,validation
141,validation
146,validation
147,validation
173,validation
183,validation
193,validation
209,validation
227,validation
238,validation
239,validation
254,validation
257,validation
258,validation
271,validation
273,validation
278,validation
293,validation
306,validation
308,validation
333,validation
349,validation
355,validation
365,validation
377,validation
384,validation
389,validation
393,validation
405,validation
443,validation
446,validation
452,validation
454,validation
464,validation
469,validation
473,validation
485,validation
499,validation
530,validation
531,validation
546,validation
548,validation
550,validation
553,validation
556,validation
567,validation
578,validation
583,validation
584,validation
596,validation
601,validation
604,validation
610,validation
618,validation
633,validation
644,validation
677,validation
696,validation
698,validation
705,validation
730,validation
751,validation
797,validation
801,validation
811,validation
823,validation
824,validation
835,validation
841,validation
852,validation
855,validation
868,validation
908,validation
920,validation
924,validation
957,validation
973,validation
993,validation
999,validation
1007,validation
1012,validation
1017,validation
1022,validation
1031,validation
1042,validation
1055,validation
1056,validation
1066,validation
1067,validation
1073,validation
1074,validation
1124,validation
1129,validation
1130,validation
1153,validation
1163,validation
1181,validation
1197,validation
1220,validation
1221,validation
1223,validation
1234,validation
1236,validation
1243,validation
1246,validation
1251,validation
1282,validation
1285,validation
1292,validation
1294,validation
1300,validation
1319,validation
1321,validation
1328,validation
1355,validation
1358,validation
1359,validation
1399,validation
1401,validation
1410,validation
1418,validation
1430,validation
1443,validation
1444,validation
1453,validation
1464,validation
1480,validation
1481,validation
1503,validation
1530,validation
1541,validation
1547,validation
1553,validation
1559,validation
1571,validation
1588,validation
1605,validation
1608,validation
1614,validation
1635,validation
1651,validation
1653,validation
1674,validation
1683,validation
1712,validation
1734,validation
1737,validation
1751,validation
1754,validation
1765,validation
1777,validation
1778,validation
1779,validation
1780,validation
1789,validation
1812,validation
1837,validation
1839,validation
1842,validation
1856,validation
1870,validation
1874,validation
1897,validation
1903,validation
1929,validation
1939,validation
1943,validation
1953,validation
1965,validation
1976,validation
1984,validation
1991,validation
1994,validation
1997,validation
2000,validation
2004,validation
2017,validation
2018,validation
2034,validation
2038,validation
2046,validation
2058,validation
2064,validation
2068,validation
2073,validation
2075,validation
2079,validation
2080,validation
2081,validation
2090,validation
2092,validation
2095,validation
2108,validation
2111,validation
2121,validation
2128,validation
2133,validation
2139,validation
2148,validation
2167,validation
2176,validation
2185,validation
2190,validation
2212,validation
2221,validation
2227,validation
2284,validation
2286,validation
2291,validation
2296,validation
2300,validation
2310,validation
2315,validation
2316,validation
2323,validation
2330,validation
2341,validation
2350,validation
2357,validation
2365,validation
2369,validation
2381,validation
2399,validation
2401,validation
2402,validation
2403,validation
2431,validation
2449,validation
2469,validation
2482,validation
2487,validation
2500,validation
2514,validation
2524,validation
2527,validation
2539,validation
2543,validation
2605,validation
2609,validation
2613,validation
2627,validation
2635,validation
2641,validation
2645,validation
2646,validation
2656,validation
2659,validation
2662,validation
2669,validation
2670,validation
2675,validation
2678,validation
2683,validation
2694,validation
2701,validation
2703,validation
2706,validation
2714,validation
2738,validation
2749,validation
2752,validation
2758,validation
2772,validation
2800,validation
2802,validation
2842,validation
2850,validation
2851,validation
2881,validation
2883,validation
2890,validation
2898,validation
2903,validation
2917,validation
2922,validation
2927,validation
2928,validation
2935,validation
2936,validation
2939,validation
2949,validation
2952,validation
2955,validation
2976,validation
2985,validation
2990,validation
2991,validation
2995,validation
3000,validation
3010,validation
3017,validation
3018,validation
3021,validation
3043,validation
3066,validation
3072,validation
3092,validation
3112,validation
3121,validation
3128,validation
3130,validation
3152,validation
3158,validation
3169,validation
3175,validation
3188,validation
3195,validation
3196,validation
3203,validation
3221,validation
3238,validation
3249,validation
3263,validation
3270,validation
3302,validation
3322,validation
3332,validation
3343,validation
3344,validation
3345,validation
3352,validation
3356,validation
3361,validation
3370,validation
3402,validation
3413,validation
3417,validation
3421,validation
3440,validation
3468,validation
3498,validation
3502,validation
3512,validation
3518,validation
3520,validation
3534,validation
3551,validation
3554,validation
3555,validation
3575,validation
3576,validation
3583,validation
3591,validation
3611,validation
3622,validation
3641,validation
3643,validation
3648,validation
3650,validation
3652,validation
3656,validation
3664,validation
3667,validation
3681,validation
3718,validation
3723,validation
3748,validation
3749,validation
3752,validation
3761,validation
3776,validation
3806,validation
3815,validation
3833,validation
3856,validation
3873,validation
3876,validation
3878,validation
3881,validation
3892,validation
3900,validation
3904,validation
3913,validation
3921,validation
3954,validation
3957,validation
3960,validation
3962,validation
3974,validation
3975,validation
3992,validation
3999,validation
4011,validation
4031,validation
4043,validation
4052,validation
4058,validation
4104,validation
4106,validation
4110,validation
4118,validation
4130,validation
4135,validation
4138,validation
4140,validation
4143,validation
4152,validation
4154,validation
4168,validation
4173,validation
4184,validation
4185,validation
4188,validation
4222,validation
4238,validation
4251,validation
4258,validation
4271,validation
4277,validation
4284,validation
4288,validation
4291,validation
4293,validation
4298,validation
4319,validation
4322,validation
4324,validation
4329,validation
4334,validation
4358,validation
4359,validation
4370,validation
4374,validation
4380,validation
4382,validation
4387,validation
4400,validation
4412,validation
4415,validation
4421,validation
4425,validation
4426,validation
4435,validation
4489,validation
4496,validation
4500,validation
4511,validation
4532,validation
4533,validation
4540,validation
4543,validation
4553,validation
4572,validation
4579,validation
4583,validation
4586,validation
4599,validation
4601,validation
4605,validation
4623,validation
4625,validation
4627,validation
4629,validation
4631,validation
4641,validation
4657,validation
4664,validation
4665,validation
4670,validation
4671,validation
4672,validation
4674,validation
4699,validation
4720,validation
4732,validation
4734,validation
4742,validation
4744,validation
4753,validation
4759,validation
4760,validation
4770,validation
4783,validation
4787,validation
4791,validation
4812,validation
4825,validation
4842,validation
4850,validation
4864,validation
4883,validation
4884,validation
4886,validation
4893,validation
4894,validation
4905,validation
4915,validation
4919,validation
4922,validation
4929,validation
4934,validation
4955,validation
4963,validation
4981,validation
5001,validation
5008,validation
5029,validation
5047,validation
5056,validation
5059,validation
5079,validation
5084,validation
5102,validation
5109,validation
5121,validation
5124,validation
5128,validation
5214,validation
5252,validation
5267,validation
5276,validation
5286,validation
5291,validation
5297,validation
5309,validation
5335,validation
5361,validation
5364,validation
5373,validation
5379,validation
5400,validation
5407,validation
5432,validation
5434,validation
5475,validation
5476,validation
5479,validation
5490,validation
5498,validation
5511,validation
5528,validation
5537,validation
5541,validation
5548,validation
5556,validation
5574,validation
5579,validation
5588,validation
5597,validation
5612,validation
5613,validation
5615,validation
5621,validation
5629,validation
5667,validation
5704,validation
5710,validation
5719,validation
5738,validation
5764,validation
5768,validation
5784,validation
5786,validation
5828,validation
5843,validation
5857,validation
5859,validation
5863,validation
5889,validation
5902,validation
5912,validation
5924,validation
5929,validation
5939,validation
5944,validation
5953,validation
5957,validation
5971,validation
5990,validation
6003,validation
6005,validation
6008,validation
6009,validation
6014,validation
6020,validation
6023,validation
6038,validation
6046,validation
6081,validation
6085,validation
6086,validation
6095,validation
6128,validation
6137,validation
6140,validation
6171,validation
6182,validation
6197,validation
6199,validation
6204,validation
6226,validation
6266,validation
6267,validation
6273,validation
6277,validation
6279,validation
6286,validation
6293,validation
6306,validation
6330,validation
6332,validation
6344,validation
6357,validation
6379,validation
6387,validation
6399,validation
6409,validation
6432,validation
6436,validation
6440,validation
6450,validation
6453,validation
6465,validation
6478,validation
6489,validation
6497,validation
6550,validation
6555,validation
6566,validation
6590,validation
6601,validation
6610,validation
6614,validation
6649,validation
6680,validation
6692,validation
6698,validation
6699,validation
6702,validation
6705,validation
6706,validation
6712,validation
6725,validation
6731,validation
6741,validation
6762,validation
6773,validation
6784,validation
6800,validation
6811,validation
6821,validation
6862,validation
6863,validation
6874,validation
6894,validation
6908,validation
6936,validation
6957,validation
6958,validation
6965,validation
6971,validation
6973,validation
6979,validation
6981,validation
6991,validation
6999,validation
7002,validation
7016,validation
7018,validation
7023,validation
7024,validation
7036,validation
7040,validation
7055,validation
7057,validation
7063,validation
7067,validation
7074,validation
7077,validation
7078,validation
7082,validation
7084,validation
7093,validation
7104,validation
7112,validation
7117,validation
7119,validation
7166,validation
7185,validation
7191,validation
7202,validation
7206,validation
7211,validation
7226,validation
7227,validation
7233,validation
7238,validation
7258,validation
7265,validation
7269,validation
7280,validation
7289,validation
7297,validation
7320,validation
7332,validation
7341,validation
7359,validation
7369,validation
7373,validation
7375,validation
7377,validation
7378,validation
7384,validation
7386,validation
7413,validation
7422,validation
7425,validation
7435,validation
7448,validation
7449,validation
7451,validation
7460,validation
7461,validation
7467,validation
7497,validation
7514,validation
7520,validation
7522,validation
7531,validation
7539,validation
7544,validation
7557,validation
7558,validation
7562,validation
7573,validation
7575,validation
7600,validation
7609,validation
7633,validation
7634,validation
7635,validation
7636,validation
7656,validation
7670,validation
7678,validation
7697,validation
7710,validation
7739,validation
7740,validation
7747,validation
7752,validation
7764,validation
7765,validation
7770,validation
7773,validation
7792,validation
7807,validation
7811,validation
7827,validation
7832,validation
7876,validation
7884,validation
7885,validation
7891,validation
7902,validation
7904,validation
7915,validation
7936,validation
7941,validation
7947,validation
7962,validation
7967,validation
7983,validation
7986,validation
7989,validation
7991,validation
7996,validation
8017,validation
8023,validation
8032,validation
8042,validation
8046,validation
8061,validation
8068,validation
8075,validation
8081,validation
8082,validation
8089,validation
8103,validation
8117,validation
8134,validation
8144,validation
8145,validation
8156,validation
8167,validation
8172,validation
8179,validation
8188,validation
8191,validation
8201,validation
8222,validation
8226,validation
8252,validation
8280,validation
8297,validation
8298,validation
8306,validation
8307,validation
8327,validation
8340,validation
8358,validation
8361,validation
8370,validation
8384,validation
8390,validation
8403,validation
8426,validation
8437,validation
8446,validation
8447,validation
8449,validation
8452,validation
8457,validation
8497,validation
8509,validation
8515,validation
8531,validation
8544,validation
8557,validation
8578,validation
8582,validation
8595,validation
8598,validation
8614,validation
8634,validation
8645,validation
8666,validation
8670,validation
8679,validation
8682,validation
8683,validation
8685,validation
8690,validation
8691,validation
8735,validation
8750,validation
8752,validation
8755,validation
8765,validation
8774,validation
8800,validation
8802,validation
8808,validation
8813,validation
8832,validation
8833,validation
8835,validation
8845,validation
8853,validation
8869,validation
8874,validation
8914,validation
8925,validation
8929,validation
8934,validation
8942,validation
8943,validation
8975,validation
8984,validation
8998,validation
9043,validation
9044,validation
9053,validation
9084,validation
9107,validation
9115,validation
9131,validation
9142,validation
9144,validation
9146,validation
9159,validation
9177,validation
9180,validation
9201,validation
9216,validation
9223,validation
9233,validation
9245,validation
9246,validation
9250,validation
9271,validation
9283,validation
9285,validation
9287,validation
9295,validation
9305,validation
9338,validation
9349,validation
9350,validation
9361,validation
9371,validation
9376,validation
9393,validation
9422,validation
9425,validation
9445,validation
9447,validation
9452,validation
9453,validation
9464,validation
9468,validation
9478,validation
9492,validation
9496,validation
9502,validation
9513,validation
9514,validation
9528,validation
9549,validation
9550,validation
9551,validation
9577,validation
9579,validation
9585,validation
9600,validation
9609,validation
9614,validation
9625,validation
9631,validation
9632,validation
9640,validation
9657,validation
9660,validation
9680,validation
9690,validation
9703,validation
9708,validation
9759,validation
9775,validation
9781,validation
9791,validation
9816,validation
9825,validation
9833,validation
9841,validation
9866,validation
9870,validation
9874,validation
9895,validation
9907,validation
9909,validation
9917,validation
9928,validation
9931,validation
9941,validation
9943,validation
9956,validation
9966,validation
9985,validation
9992,validation
10014,validation
10025,validation
10032,validation
10044,validation
10046,validation
10048,validation
10050,validation
10051,validation
10052,validation
10054,validation
10069,validation
10083,validation
10088,validation
10132,validation
10145,validation
10170,validation
10171,validation
10172,validation
10189,validation
10209,validation
10248,validation
10264,validation
10272,validation
10282,validation
10288,validation
10304,validation
10323,validation
10324,validation
10327,validation
10333,validation
10341,validation
10347,validation
10349,validation
10361,validation
10365,validation
10372,validation
10383,validation
10417,validation
10419,validation
10432,validation
10436,validation
10438,validation
10441,validation
10449,validation
10488,validation
10492,validation
10504,validation
10508,validation
10532,validation
10545,validation
10557,validation
10565,validation
10569,validation
10573,validation
10574,validation
10591,validation
10592,validation
10598,validation
10614,validation
10619,validation
10639,validation
10682,validation
10692,validation
10722,validation
10737,validation
10747,validation
10765,validation
10785,validation
10811,validation
10819,validation
10840,validation
10842,validation
10857,validation
10858,validation
10863,validation
10864,validation
10871,validation
10875,validation
10881,validation
10893,validation
10896,validation
10901,validation
10917,validation
10928,validation
10947,validation
10962,validation
10963,validation
10967,validation
10975,validation
10986,validation
10993,validation
11002,validation
11015,validation
11031,validation
11050,validation
11057,validation
11058,validation
11066,validation
11086,validation
11093,validation
11107,validation
11131,validation
11135,validation
11137,validation
11141,validation
11157,validation
11167,validation
11169,validation
11172,validation
11176,validation
11203,validation
11207,validation
11214,validation
11219,validation
11224,validation
11227,validation
11232,validation
11233,validation
11235,validation
11245,validation
11281,validation
11283,validation
11289,validation
11290,validation
11304,validation
11312,validation
11315,validation
11323,validation
11344,validation
11347,validation
11358,validation
11364,validation
11371,validation
11372,validation
11382,validation
11387,validation
11391,validation
11398,validation
11407,validation
11428,validation
11446,validation
11468,validation
11474,validation
11477,validation
11482,validation
11493,validation
11494,validation
11499,validation
11524,validation
11529,validation
11535,validation
11539,validation
11542,validation
11543,validation
11561,validation
11563,validation
11564,validation
11583,validation
11607,validation
11619,validation
11621,validation
11632,validation
11692,validation
11699,validation
11722,validation
11738,validation
11751,validation
11756,validation
11766,validation
11778,validation
11779,validation
11784,validation
11800,validation
11823,validation
11824,validation
11827,validation
11829,validation
11835,validation
11856,validation
11858,validation
11861,validation
11868,validation
11878,validation
11881,validation
11882,validation
11894,validation
11911,validation
11913,validation
11916,validation
11932,validation
11942,validation
11959,validation
11979,validation
11980,validation
11982,validation
11987,validation
12004,validation
12007,validation
12012,validation
12013,validation
12015,validation
12017,validation
12019,validation
12021,validation
12024,validation
12046,validation
12051,validation
12067,validation
12068,validation
12079,validation
12086,validation
12098,validation
12105,validation
12115,validation
12123,validation
12124,validation
12137,validation
12145,validation
12176,validation
12194,validation
12199,validation
12207,validation
12212,validation
12218,validation
12223,validation
12231,validation
12243,validation
12273,validation
12286,validation
12290,validation
12299,validation
12318,validation
12323,validation
12330,validation
12331,validation
12351,validation
12363,validation
12364,validation
12373,validation
12380,validation
12391,validation
12396,validation
12402,validation
12417,validation
12419,validation
12438,validation
12451,validation
12459,validation
12466,validation
12471,validation
12480,validation
12483,validation
12499,validation
12504,validation
12512,validation
12513,validation
12543,validation
12558,validation
12564,validation
12577,validation
12585,validation
12606,validation
12615,validation
12616,validation
12623,validation
12651,validation
12658,validation
12664,validation
12677,validation
12678,validation
12695,validation
12701,validation
12715,validation
12724,validation
12733,validation
12742,validation
12743,validation
12745,validation
12746,validation
12748,validation
12756,validation
12760,validation
12761,validation
12777,validation
12780,validation
12786,validation
12788,validation
12798,validation
12808,validation
12813,validation
12820,validation
12857,validation
12861,validation
12864,validation
12866,validation
12869,validation
12889,validation
12894,validation
12910,validation
12915,validation
12924,validation
12925,validation
12945,validation
12947,validation
12956,validation
12968,validation
12973,validation
12980,validation
12981,validation
12992,validation
12993,validation
12994,validation
13008,validation
13009,validation
13021,validation
13037,validation
13039,validation
13042,validation
13058,validation
13059,validation
13065,validation
13077,validation
13082,validation
13083,validation
13093,validation
13098,validation
13104,validation
13105,validation
13111,validation
13112,validation
13144,validation
13145,validation
13153,validation
13157,validation
13169,validation
13177,validation
13186,validation
13192,validation
13201,validation
13203,validation
13206,validation
13207,validation
13217,validation
13225,validation
13243,validation
13256,validation
13257,validation
13269,validation
13276,validation
13285,validation
13287,validation
13289,validation
13309,validation
13318,validation
13321,validation
13325,validation
13328,validation
13330,validation
13337,validation
13342,validation
13383,validation
13393,validation
13394,validation
13398,validation
13415,validation
13447,validation
13462,validation
13466,validation
13477,validation
13489,validation
13494,validation
13501,validation
13507,validation
13508,validation
13509,validation
13513,validation
13522,validation
13534,validation
13547,validation
13561,validation
13564,validation
13566,validation
13604,validation
13612,validation
13616,validation
13623,validation
13642,validation
13647,validation
13648,validation
13651,validation
13673,validation
13677,validation
13687,validation
13721,validation
13722,validation
13728,validation
13734,validation
13736,validation
13753,validation
13756,validation
13778,validation
13807,validation
13827,validation
13833,validation
13841,validation
13851,validation
13852,validation
13856,validation
13862,validation
13869,validation
13874,validation
13879,validation
13881,validation
13882,validation
13885,validation
13886,validation
13902,validation
13916,validation
13922,validation
13957,validation
13999,validation
14024,validation
14028,validation
14034,validation
14042,validation
14061,validation
14064,validation
14084,validation
14091,validation
14103,validation
14110,validation
14134,validation
14139,validation
14181,validation
14191,validation
14199,validation
14201,validation
14203,validation
14216,validation
14227,validation
14233,validation
14240,validation
14241,validation
14257,validation
14265,validation
14268,validation
14275,validation
14279,validation
14285,validation
14308,validation
14320,validation
14323,validation
14329,validation
14345,validation
14349,validation
14351,validation
14353,validation
14373,validation
14374,validation
14375,validation
14376,validation
14378,validation
14389,validation
14390,validation
14405,validation
14413,validation
14418,validation
14423,validation
14426,validation
14433,validation
14439,validation
14442,validation
14455,validation
14457,validation
14475,validation
14480,validation
14485,validation
14487,validation
14488,validation
14503,validation
14514,validation
14524,validation
14538,validation
14544,validation
14553,validation
14575,validation
14587,validation
14593,validation
14638,validation
14640,validation
14643,validation
14644,validation
14651,validation
14660,validation
14673,validation
14691,validation
14700,validation
14714,validation
14720,validation
14737,validation
14750,validation
14777,validation
14784,validation
14791,validation
14800,validation
14807,validation
14809,validation
14816,validation
14829,validation
14832,validation
14845,validation
14860,validation
14866,validation
14887,validation
14901,validation
14967,validation
14969,validation
14974,validation
14989,validation
15001,validation
15006,validation
15009,validation
15013,validation
15023,validation
15026,validation
15028,validation
15038,validation
15056,validation
15059,validation
15065,validation
15073,validation
15080,validation
15088,validation
15089,validation
15114,validation
15121,validation
15132,validation
15136,validation
15137,validation
15142,validation
15150,validation
15158,validation
15161,validation
15177,validation
15190,validation
15198,validation
15214,validation
15220,validation
15228,validation
15229,validation
15237,validation
15248,validation
15252,validation
15255,validation
15262,validation
15265,validation
15317,validation
15324,validation
15347,validation
15349,validation
15361,validation
15368,validation
15370,validation
15375,validation
15383,validation
15384,validation
15387,validation
15398,validation
15409,validation
15424,validation
15425,validation
15426,validation
15433,validation
15438,validation
15451,validation
15461,validation
15462,validation
15468,validation
15471,validation
15475,validation
15484,validation
15506,validation
15508,validation
15525,validation
15551,validation
15556,validation
15567,validation
15582,validation
15596,validation
15603,validation
15624,validation
15629,validation
15635,validation
15637,validation
15639,validation
15642,validation
15644,validation
15671,validation
15672,validation
15695,validation
15707,validation
15708,validation
15711,validation
15732,validation
15736,validation
15747,validation
15749,validation
15756,validation
15764,validation
15766,validation
15776,validation
15777,validation
15778,validation
15782,validation
15785,validation
15786,validation
15800,validation
15829,validation
15834,validation
15837,validation
15852,validation
15855,validation
15865,validation
15877,validation
15878,validation
15880,validation
15893,validation
15898,validation
15901,validation
15902,validation
15912,validation
15925,validation
15930,validation
15950,validation
15954,validation
15957,validation
15965,validation
15968,validation
15976,validation
15986,validation
15994,validation
15996,validation
15998,validation
16002,validation
16017,validation
16018,validation
16023,validation
16036,validation
16038,validation
16041,validation
16043,validation
16047,validation
16053,validation
16067,validation
16079,validation
16087,validation
16092,validation
16105,validation
16107,validation
16117,validation
16128,validation
16133,validation
16134,validation
16161,validation
16177,validation
16181,validation
16185,validation
16192,validation
16196,validation
16199,validation
16226,validation
16228,validation
16235,validation
16245,validation
16250,validation
16252,validation
16263,validation
16283,validation
16293,validation
16300,validation
16304,validation
16311,validation
16312,validation
16323,validation
16344,validation
16354,validation
16363,validation
16367,validation
16370,validation
16371,validation
16376,validation
16389,validation
16392,validation
16432,validation
16460,validation
16468,validation
16477,validation
16493,validation
16494,validation
16495,validation
16501,validation
16516,validation
16532,validation
16535,validation
16548,validation
16551,validation
16556,validation
16568,validation
16591,validation
16598,validation
16634,validation
16651,validation
16655,validation
16657,validation
16660,validation
16668,validation
16675,validation
16678,validation
16685,validation
16699,validation
16707,validation
16710,validation
16712,validation
16736,validation
16737,validation
16758,validation
16761,validation
16762,validation
16768,validation
16769,validation
16770,validation
16777,validation
16778,validation
16784,validation
16790,validation
16813,validation
16831,validation
16836,validation
16850,validation
16866,validation
16875,validation
16879,validation
16883,validation
16884,validation
16897,validation
16901,validation
16913,validation
16948,validation
16950,validation
16957,validation
16964,validation
16979,validation
16991,validation
17005,validation
17016,validation
17034,validation
17038,validation
17065,validation
17076,validation
17091,validation
17093,validation
17101,validation
17130,validation
17131,validation
17135,validation
17152,validation
17161,validation
17163,validation
17164,validation
17165,validation
17173,validation
17175,validation
17209,validation
17215,validation
17219,validation
17230,validation
17231,validation
17254,validation
17259,validation
17272,validation
17276,validation
17285,validation
17318,validation
17328,validation
17335,validation
17353,validation
17354,validation
17372,validation
17377,validation
17383,validation
17385,validation
17391,validation
17403,validation
17409,validation
17420,validation
17421,validation
17439,validation
17445,validation
17451,validation
17481,validation
17503,validation
17516,validation
17519,validation
17521,validation
17529,validation
17538,validation
17541,validation
17570,validation
17577,validation
17588,validation
17601,validation
17602,validation
17626,validation
17647,validation
17656,validation
17665,validation
17670,validation
17687,validation
17690,validation
17701,validation
17702,validation
17710,validation
17712,validation
17715,validation
17737,validation
17738,validation
17747,validation
17751,validation
17755,validation
17762,validation
17766,validation
17784,validation
17789,validation
17796,validation
17824,validation
17827,validation
17837,validation
17846,validation
17849,validation
17880,validation
17881,validation
17884,validation
17892,validation
17908,validation
17909,validation
17921,validation
17925,validation
17928,validation
17961,validation
17965,validation
17992,validation
18009,validation
18011,validation
18018,validation
18034,validation
18037,validation
18042,validation
18062,validation
18063,validation
18081,validation
18086,validation
18090,validation
18094,validation
18102,validation
18110,validation
18144,validation
18147,validation
18167,validation
18186,validation
18202,validation
18211,validation
18218,validation
18239,validation
18246,validation
18249,validation
18252,validation
18253,validation
18264,validation
18271,validation
18273,validation
18276,validation
18306,validation
18327,validation
18348,validation
18358,validation
18375,validation
18378,validation
18382,validation
18383,validation
18395,validation
18408,validation
18409,validation
18418,validation
18436,validation
18456,validation
18472,validation
18486,validation
18494,validation
18514,validation
18519,validation
18521,validation
18528,validation
18534,validation
18536,validation
18539,validation
18543,validation
18556,validation
18557,validation
18602,validation
18609,validation
18613,validation
18626,validation
18627,validation
18631,validation
18637,validation
18647,validation
18651,validation
18656,validation
18664,validation
18665,validation
18668,validation
18670,validation
18679,validation
18682,validation
18689,validation
18706,validation
18722,validation
18727,validation
18733,validation
18745,validation
18782,validation
18788,validation
18797,validation
18799,validation
18800,validation
18808,validation
18813,validation
18864,validation
18868,validation
18871,validation
18872,validation
18886,validation
18905,validation
18911,validation
18916,validation
18917,validation
18918,validation
18920,validation
18930,validation
18933,validation
18934,validation
18948,validation
18988,validation
18989,validation
18998,validation
19000,validation
19009,validation
19027,validation
19030,validation
19080,validation
19098,validation
19101,validation
19102,validation
19110,validation
19111,validation
19123,validation
19130,validation
19155,validation
19157,validation
19159,validation
19166,validation
19170,validation
19173,validation
19176,validation
19179,validation
19183,validation
19191,validation
19256,validation
19257,validation
19264,validation
19267,validation
19271,validation
19275,validation
19296,validation
19304,validation
19321,validation
19333,validation
19337,validation
19352,validation
19359,validation
19360,validation
19363,validation
19367,validation
19379,validation
19383,validation
19394,validation
19418,validation
19420,validation
19427,validation
19429,validation
19433,validation
19437,validation
19451,validation
19455,validation
19457,validation
19465,validation
19473,validation
19478,validation
19494,validation
19495,validation
19509,validation
19518,validation
19521,validation
19534,validation
19538,validation
19555,validation
19557,validation
19560,validation
19562,validation
19565,validation
19570,validation
19572,validation
19611,validation
19623,validation
19642,validation
19649,validation
19662,validation
19675,validation
19681,validation
19692,validation
19703,validation
19711,validation
19716,validation
19726,validation
19749,validation
19762,validation
19784,validation
19801,validation
19812,validation
19849,validation
19851,validation
19853,validation
19878,validation
19882,validation
19900,validation
19916,validation
19920,validation
19933,validation
19934,validation
19945,validation
19961,validation
19964,validation
19978,validation
19986,validation
19997,validation
20011,validation
20016,validation
20018,validation
20028,validation
20052,validation
20056,validation
20059,validation
20084,validation
20109,validation
20115,validation
20139,validation
20143,validation
20144,validation
20147,validation
20154,validation
20158,validation
20163,validation
20164,validation
20183,validation
20184,validation
20203,validation
20206,validation
20227,validation
20228,validation
20236,validation
20240,validation
20243,validation
20252,validation
20269,validation
20277,validation
20280,validation
20301,validation
20304,validation
20319,validation
20322,validation
20351,validation
20418,validation
20419,validation
20432,validation
20435,validation
20440,validation
20451,validation
20452,validation
20470,validation
20476,validation
20478,validation
20492,validation
20502,validation
20529,validation
20551,validation
20580,validation
20584,validation
20591,validation
20593,validation
20594,validation
20612,validation
20638,validation
20650,validation
20653,validation
20667,validation
20668,validation
20672,validation
20689,validation
20695,validation
20720,validation
20726,validation
20734,validation
20747,validation
20781,validation
20807,validation
20811,validation
20815,validation
20827,validation
20829,validation
20837,validation
20838,validation
20844,validation
20846,validation
20849,validation
20861,validation
20883,validation
20886,validation
20898,validation
20914,validation
20918,validation
20925,validation
20932,validation
20949,validation
20970,validation
20973,validation
20981,validation
20992,validation
21004,validation
21018,validation
21027,validation
21031,validation
21037,validation
21054,validation
21058,validation
21060,validation
21064,validation
21074,validation
21093,validation
21106,validation
21124,validation
21163,validation
21191,validation
21208,validation
21221,validation
21235,validation
21240,validation
21253,validation
21280,validation
21290,validation
21316,validation
21322,validation
21351,validation
21364,validation
21370,validation
21385,validation
21395,validation
21398,validation
21411,validation
21418,validation
21424,validation
21432,validation
21444,validation
21451,validation
21462,validation
21495,validation
21531,validation
21534,validation
21543,validation
21545,validation
21552,validation
21559,validation
21562,validation
21578,validation
21581,validation
21610,validation
21614,validation
21620,validation
21625,validation
21628,validation
21629,validation
21640,validation
21643,validation
21646,validation
21654,validation
21663,validation
21669,validation
21673,validation
21692,validation
21697,validation
21702,validation
21722,validation
21723,validation
21738,validation
21744,validation
21768,validation
21770,validation
21776,validation
21786,validation
21807,validation
21821,validation
21826,validation
21828,validation
21836,validation
21843,validation
21852,validation
21853,validation
21854,validation
21856,validation
21870,validation
21887,validation
21904,validation
21910,validation
21938,validation
21946,validation
21952,validation
21955,validation
21959,validation
21962,validation
21981,validation
21983,validation
21984,validation
21994,validation
21998,validation
22003,validation
22012,validation
22045,validation
22047,validation
22057,validation
22058,validation
22102,validation
22112,validation
22124,validation
22128,validation
22137,validation
22140,validation
22149,validation
22158,validation
22159,validation
22162,validation
22174,validation
22214,validation
22235,validation
22240,validation
22242,validation
22245,validation
22254,validation
22256,validation
22257,validation
22259,validation
22266,validation
22267,validation
22268,validation
22272,validation
22273,validation
22275,validation
22276,validation
22281,validation
22298,validation
22303,validation
22323,validation
22360,validation
22365,validation
22387,validation
22414,validation
22421,validation
22431,validation
22440,validation
22458,validation
22464,validation
22484,validation
22489,validation
22499,validation
22504,validation
22511,validation
22533,validation
22538,validation
22539,validation
22550,validation
22551,validation
22564,validation
22589,validation
22601,validation
22606,validation
22607,validation
22616,validation
22622,validation
22632,validation
22638,validation
22656,validation
22659,validation
22660,validation
22663,validation
22688,validation
22689,validation
22693,validation
22694,validation
22713,validation
22735,validation
22746,validation
22747,validation
22754,validation
22758,validation
22766,validation
22779,validation
22782,validation
22794,validation
22799,validation
22811,validation
22813,validation
22823,validation
22824,validation
22832,validation
22853,validation
22855,validation
22859,validation
22878,validation
22880,validation
22906,validation
22908,validation
22918,validation
22920,validation
22923,validation
22936,validation
22943,validation
22948,validation
22949,validation
22959,validation
22960,validation
22963,validation
22967,validation
22969,validation
22983,validation
22985,validation
22986,validation
23008,validation
23041,validation
23045,validation
23053,validation
23058,validation
23061,validation
23080,validation
23087,validation
23091,validation
23094,validation
23123,validation
23141,validation
23182,validation
23186,validation
23201,validation
23208,validation
23220,validation
23225,validation
23237,validation
23241,validation
23248,validation
23257,validation
23263,validation
23283,validation
23291,validation
23293,validation
23307,validation
23312,validation
23325,validation
23329,validation
23348,validation
23350,validation
23357,validation
23365,validation
23379,validation
23387,validation
23398,validation
23400,validation
23418,validation
23421,validation
23422,validation
23435,validation
23441,validation
23442,validation
23467,validation
23479,validation
23494,validation
23498,validation
23500,validation
23501,validation
23509,validation
23523,validation
23524,validation
23543,validation
23562,validation
23571,validation
23581,validation
23600,validation
23605,validation
23624,validation
23641,validation
23654,validation
23655,validation
23669,validation
23685,validation
23688,validation
23691,validation
23711,validation
23717,validation
23723,validation
23734,validation
23736,validation
23739,validation
23742,validation
23749,validation
23756,validation
23758,validation
23769,validation
23772,validation
23779,validation
23780,validation
23802,validation
23804,validation
23816,validation
23817,validation
23818,validation
23820,validation
23824,validation
23825,validation
23845,validation
23846,validation
23860,validation
23869,validation
23886,validation
23892,validation
23895,validation
23929,validation
23940,validation
23950,validation
23961,validation
23966,validation
23977,validation
23989,validation
23997,validation
24000,validation
24005,validation
24010,validation
24012,validation
24027,validation
24029,validation
24040,validation
24052,validation
24068,validation
24072,validation
24077,validation
24112,validation
24144,validation
24148,validation
24163,validation
24167,validation
24169,validation
24170,validation
24173,validation
24192,validation
24205,validation
24210,validation
24228,validation
24235,validation
24237,validation
24241,validation
24246,validation
24260,validation
24265,validation
24289,validation
24311,validation
24326,validation
24333,validation
24366,validation
24375,validation
24385,validation
24419,validation
24428,validation
24440,validation
24441,validation
24449,validation
24479,validation
24492,validation
24497,validation
24500,validation
24508,validation
24511,validation
24523,validation
24526,validation
24531,validation
24547,validation
24548,validation
24549,validation
24562,validation
24564,validation
24583,validation
24594,validation
24615,validation
24619,validation
24620,validation
24621,validation
24626,validation
24628,validation
24630,validation
24632,validation
24651,validation
24670,validation
24712,validation
24716,validation
24739,validation
24740,validation
24766,validation
24780,validation
24787,validation
24788,validation
24798,validation
24800,validation
24817,validation
24818,validation
24824,validation
24826,validation
24844,validation
24879,validation
24882,validation
24891,validation
24892,validation
24904,validation
24915,validation
24930,validation
24937,validation
24947,validation
24952,validation
24960,validation
24965,validation
24996,validation
25004,validation
25009,validation
25012,validation
25020,validation
25028,validation
25029,validation
25030,validation
25041,validation
25042,validation
25054,validation
25079,validation
25083,validation
25088,validation
25090,validation
25134,validation
25136,validation
25151,validation
25163,validation
25166,validation
25167,validation
25188,validation
25231,validation
25243,validation
25247,validation
25256,validation
25260,validation
25271,validation
25282,validation
25285,validation
25312,validation
25338,validation
25351,validation
25353,validation
25359,validation
25363,validation
25384,validation
25392,validation
25403,validation
25417,validation
25443,validation
25469,validation
25491,validation
25492,validation
25499,validation
25515,validation
25520,validation
25525,validation
25532,validation
25560,validation
25565,validation
25568,validation
25591,validation
25593,validation
25599,validation
25602,validation
25603,validation
25609,validation
25615,validation
25616,validation
25619,validation
25627,validation
25629,validation
25638,validation
25645,validation
25661,validation
25678,validation
25706,validation
25709,validation
25718,validation
25723,validation
25728,validation
25729,validation
25734,validation
25743,validation
25744,validation
25748,validation
25754,validation
25758,validation
25796,validation
25803,validation
25804,validation
25808,validation
25818,validation
25836,validation
25843,validation
25850,validation
25865,validation
25886,validation
25916,validation
25925,validation
25962,validation
25967,validation
25974,validation
25986,validation
25987,validation
26000,validation
26001,validation
26015,validation
26020,validation
26043,validation
26045,validation
26059,validation
26066,validation
26082,validation
26093,validation
26101,validation
26118,validation
26122,validation
26134,validation
26165,validation
26167,validation
26172,validation
26176,validation
26181,validation
26187,validation
26188,validation
26190,validation
26191,validation
26208,validation
26222,validation
26226,validation
26243,validation
26245,validation
26249,validation
26261,validation
26271,validation
26303,validation
26310,validation
26312,validation
26318,validation
26323,validation
26333,validation
26337,validation
26341,validation
26344,validation
26366,validation
26379,validation
26388,validation
26408,validation
26415,validation
26445,validation
26453,validation
26456,validation
26458,validation
26467,validation
26469,validation
26471,validation
26473,validation
26474,validation
26481,validation
26490,validation
26491,validation
26501,validation
26511,validation
26522,validation
26543,validation
26565,validation
26571,validation
26579,validation
26586,validation
26602,validation
26615,validation
26616,validation
26628,validation
26646,validation
26655,validation
26665,validation
26716,validation
26739,validation
26757,validation
26766,validation
26772,validation
26792,validation
26796,validation
26826,validation
26828,validation
26861,validation
26864,validation
26875,validation
26877,validation
26887,validation
26893,validation
26896,validation
26900,validation
26912,validation
26926,validation
26937,validation
26939,validation
26954,validation
26967,validation
26971,validation
26976,validation
26982,validation
26987,validation
26989,validation
26995,validation
26997,validation
27014,validation
27027,validation
27049,validation
27050,validation
27051,validation
27058,validation
27066,validation
27067,validation
27077,validation
27083,validation
27084,validation
27090,validation
27096,validation
27120,validation
27126,validation
27138,validation
27147,validation
27148,validation
27164,validation
27199,validation
27200,validation
27201,validation
27221,validation
27246,validation
27250,validation
27251,validation
27267,validation
27285,validation
27301,validation
27333,validation
27338,validation
27352,validation
27357,validation
27367,validation
27384,validation
27398,validation
27404,validation
27411,validation
27440,validation
27443,validation
27477,validation
27478,validation
27479,validation
27482,validation
27492,validation
27498,validation
27520,validation
27523,validation
27531,validation
27540,validation
27562,validation
27568,validation
27578,validation
27603,validation
27611,validation
27629,validation
27636,validation
27660,validation
27662,validation
27667,validation
27668,validation
27675,validation
27687,validation
27692,validation
27700,validation
27721,validation
27723,validation
27724,validation
27728,validation
27745,validation
27747,validation
27750,validation
27757,validation
27765,validation
27774,validation
27777,validation
27788,validation
27802,validation
27823,validation
27827,validation
27837,validation
27847,validation
27854,validation
27877,validation
27885,validation
27895,validation
27918,validation
27922,validation
27972,validation
27992,validation
27994,validation
28007,validation
28010,validation
28024,validation
28026,validation
28036,validation
28049,validation
28064,validation
28069,validation
28083,validation
28096,validation
28099,validation
28131,validation
28135,validation
28161,validation
28165,validation
28184,validation
28209,validation
28210,validation
28219,validation
28222,validation
28239,validation
28248,validation
28253,validation
28254,validation
28263,validation
28267,validation
28288,validation
28291,validation
28294,validation
28302,validation
28317,validation
28320,validation
28338,validation
28347,validation
28358,validation
28361,validation
28368,validation
28381,validation
28395,validation
28396,validation
28397,validation
28415,validation
28424,validation
28436,validation
28439,validation
28452,validation
28470,validation
28479,validation
28482,validation
28484,validation
28489,validation
28507,validation
28521,validation
28547,validation
28575,validation
28577,validation
28593,validation
28603,validation
28619,validation
28622,validation
28629,validation
28634,validation
28652,validation
28658,validation
28660,validation
28692,validation
28703,validation
28714,validation
28736,validation
28746,validation
28757,validation
28764,validation
28775,validation
28815,validation
28819,validation
28823,validation
28826,validation
28852,validation
28859,validation
28865,validation
28867,validation
28879,validation
28890,validation
28898,validation
28913,validation
28921,validation
28940,validation
28943,validation
28946,validation
28967,validation
28969,validation
28978,validation
28979,validation
28987,validation
28989,validation
29007,validation
29023,validation
29024,validation
29025,validation
29028,validation
29045,validation
29062,validation
29066,validation
29067,validation
29080,validation
29096,validation
29104,validation
29109,validation
29156,validation
29183,validation
29191,validation
29200,validation
29217,validation
29225,validation
29228,validation
29243,validation
29262,validation
29264,validation
29267,validation
29277,validation
29321,validation
29324,validation
29330,validation
29343,validation
29355,validation
29362,validation
29365,validation
29366,validation
29374,validation
29375,validation
29377,validation
29395,validation
29402,validation
29413,validation
29414,validation
29422,validation
29460,validation
29474,validation
29494,validation
29522,validation
29523,validation
29532,validation
29538,validation
29544,validation
29545,validation
29555,validation
29563,validation
29569,validation
29584,validation
29592,validation
29593,validation
29597,validation
29600,validation
29620,validation
29641,validation
29643,validation
29666,validation
29669,validation
29694,validation
29723,validation
29724,validation
29728,validation
29738,validation
29749,validation
29750,validation
29755,validation
29765,validation
29769,validation
29775,validation
29777,validation
29778,validation
29784,validation
29787,validation
29790,validation
29793,validation
29818,validation
29823,validation
29831,validation
29834,validation
29861,validation
29862,validation
29866,validation
29870,validation
29874,validation
29894,validation
29895,validation
29918,validation
29920,validation
29926,validation
29934,validation
29937,validation
29939,validation
29940,validation
29943,validation
29974,validation
29986,validation
30007,validation
30013,validation
30018,validation
30036,validation
30042,validation
30045,validation
30057,validation
30061,validation
30063,validation
30069,validation
30081,validation
30097,validation
30098,validation
30099,validation
30113,validation
30116,validation
30128,validation
30146,validation
30152,validation
30165,validation
30167,validation
30169,validation
30178,validation
30190,validation
30200,validation
30210,validation
30213,validation
30240,validation
30241,validation
30242,validation
30272,validation
30274,validation
30282,validation
30283,validation
30286,validation
30312,validation
30313,validation
30324,validation
30328,validation
30336,validation
30366,validation
30367,validation
30374,validation
30379,validation
30390,validation
30394,validation
30401,validation
30409,validation
30431,validation
30436,validation
30451,validation
30456,validation
30503,validation
30505,validation
30512,validation
30513,validation
30524,validation
30540,validation
30541,validation
30559,validation
30569,validation
30572,validation
30590,validation
30593,validation
30597,validation
30608,validation
30643,validation
30655,validation
30666,validation
30668,validation
30671,validation
30675,validation
30708,validation
30711,validation
30729,validation
30731,validation
30734,validation
30746,validation
30757,validation
30770,validation
30785,validation
