{"_timestamp":1.7437857639071202e+09,"val_acc":94.83893432529067,"_runtime":360.165181781,"test_loss":0.20295911045237022,"test_auc":0.5985698967105131,"_step":1,"train_loss":0.18402916702657257,"_wandb":{"runtime":360},"train_acc":94.7468632080194,"val_loss":0.20346821810711513,"epoch":1}